time,temperature,humidity
2025-10-01 00:00:00+05:30,28.8,71.78876
2025-10-01 01:00:00+05:30,28.45,72.82045
2025-10-01 02:00:00+05:30,28.0,74.07781
2025-10-01 03:00:00+05:30,27.45,76.497
2025-10-01 04:00:00+05:30,27.05,77.83946
2025-10-01 05:00:00+05:30,24.6,92.764946
2025-10-01 06:00:00+05:30,24.5,91.36808
2025-10-01 07:00:00+05:30,25.25,88.43193
2025-10-01 08:00:00+05:30,26.95,80.7018
2025-10-01 09:00:00+05:30,28.5,71.735596
2025-10-01 10:00:00+05:30,29.85,64.75968
2025-10-01 11:00:00+05:30,30.65,63.182995
2025-10-01 12:00:00+05:30,32.05,57.642204
2025-10-01 13:00:00+05:30,32.7,53.247936
2025-10-01 14:00:00+05:30,33.5,48.624943
2025-10-01 15:00:00+05:30,28.45,75.27817
2025-10-01 16:00:00+05:30,27.9,75.87539
2025-10-01 17:00:00+05:30,27.8,73.820496
2025-10-01 18:00:00+05:30,28.15,74.326996
2025-10-01 19:00:00+05:30,28.15,76.60363
2025-10-01 20:00:00+05:30,28.0,78.92027
2025-10-01 21:00:00+05:30,27.9,80.3407
2025-10-01 22:00:00+05:30,27.65,79.10941
2025-10-01 23:00:00+05:30,26.35,83.352516
2025-10-02 00:00:00+05:30,26.6,83.38081
2025-10-02 01:00:00+05:30,26.5,82.36908
2025-10-02 02:00:00+05:30,26.25,84.09966
2025-10-02 03:00:00+05:30,26.15,85.11012
2025-10-02 04:00:00+05:30,25.3,85.281044
2025-10-02 05:00:00+05:30,24.35,90.257545
2025-10-02 06:00:00+05:30,25.1,87.09119
2025-10-02 07:00:00+05:30,26.35,80.38003
2025-10-02 08:00:00+05:30,28.65,69.61995
2025-10-02 09:00:00+05:30,30.25,63.481274
2025-10-02 10:00:00+05:30,31.7,56.345528
2025-10-02 11:00:00+05:30,31.1,56.201447
2025-10-02 12:00:00+05:30,32.4,50.7835
2025-10-02 13:00:00+05:30,32.25,51.8489
2025-10-02 14:00:00+05:30,31.6,55.467697
2025-10-02 15:00:00+05:30,31.85,53.69102
2025-10-02 16:00:00+05:30,31.5,50.085545
2025-10-02 17:00:00+05:30,28.75,73.312805
2025-10-02 18:00:00+05:30,27.95,72.293976
2025-10-02 19:00:00+05:30,27.65,73.12588
2025-10-02 20:00:00+05:30,27.8,72.929665
2025-10-02 21:00:00+05:30,27.7,74.704575
2025-10-02 22:00:00+05:30,27.25,78.57799
2025-10-02 23:00:00+05:30,27.2,86.50047
2025-10-03 00:00:00+05:30,26.5,90.675415
2025-10-03 01:00:00+05:30,26.4,90.12864
2025-10-03 02:00:00+05:30,25.9,92.55523
2025-10-03 03:00:00+05:30,25.35,93.6428
2025-10-03 04:00:00+05:30,24.95,94.472275
2025-10-03 05:00:00+05:30,24.95,94.188896
2025-10-03 06:00:00+05:30,25.05,93.62903
2025-10-03 07:00:00+05:30,25.8,88.74313
2025-10-03 08:00:00+05:30,27.35,79.30681
2025-10-03 09:00:00+05:30,29.05,68.02484
2025-10-03 10:00:00+05:30,30.45,59.773026
2025-10-03 11:00:00+05:30,31.1,56.373867
2025-10-03 12:00:00+05:30,32.5,51.753155
2025-10-03 13:00:00+05:30,33.2,49.29835
2025-10-03 14:00:00+05:30,33.55,47.75027
2025-10-03 15:00:00+05:30,33.5,47.444447
2025-10-03 16:00:00+05:30,32.5,49.57366
2025-10-03 17:00:00+05:30,31.6,54.6252
2025-10-03 18:00:00+05:30,31.1,57.243
2025-10-03 19:00:00+05:30,30.75,59.296555
2025-10-03 20:00:00+05:30,30.25,62.523895
2025-10-03 21:00:00+05:30,29.5,67.08866
2025-10-03 22:00:00+05:30,28.75,72.652374
2025-10-03 23:00:00+05:30,28.95,74.45786
2025-10-04 00:00:00+05:30,29.0,74.01986
2025-10-04 01:00:00+05:30,27.95,77.969894
2025-10-04 02:00:00+05:30,26.95,82.67109
2025-10-04 03:00:00+05:30,26.5,84.63502
2025-10-04 04:00:00+05:30,26.3,85.639725
2025-10-04 05:00:00+05:30,26.75,82.897
2025-10-04 06:00:00+05:30,26.95,80.94567
2025-10-04 07:00:00+05:30,27.6,76.058365
2025-10-04 08:00:00+05:30,29.45,63.697247
2025-10-04 09:00:00+05:30,31.2,53.20072
2025-10-04 10:00:00+05:30,32.55,46.757908
2025-10-04 11:00:00+05:30,33.3,44.54904
2025-10-04 12:00:00+05:30,34.15,40.289898
2025-10-04 13:00:00+05:30,34.6,38.441914
2025-10-04 14:00:00+05:30,34.55,37.475124
2025-10-04 15:00:00+05:30,34.3,39.08886
2025-10-04 16:00:00+05:30,33.55,41.66344
2025-10-04 17:00:00+05:30,32.3,46.6918
2025-10-04 18:00:00+05:30,31.25,52.07621
2025-10-04 19:00:00+05:30,30.55,56.068867
2025-10-04 20:00:00+05:30,30.25,57.392796
2025-10-04 21:00:00+05:30,29.95,58.031887
2025-10-04 22:00:00+05:30,29.05,61.879776
2025-10-04 23:00:00+05:30,28.25,65.2196
2025-10-05 00:00:00+05:30,27.6,67.32558
2025-10-05 01:00:00+05:30,27.0,68.671364
2025-10-05 02:00:00+05:30,26.4,70.05301
2025-10-05 03:00:00+05:30,25.7,73.014824
2025-10-05 04:00:00+05:30,25.15,75.67396
2025-10-05 05:00:00+05:30,25.4,84.518555
2025-10-05 06:00:00+05:30,25.55,82.00538
2025-10-05 07:00:00+05:30,26.5,75.19497
2025-10-05 08:00:00+05:30,28.35,64.44421
2025-10-05 09:00:00+05:30,30.4,58.13764
2025-10-05 10:00:00+05:30,31.8,51.101067
2025-10-05 11:00:00+05:30,31.0,50.112022
2025-10-05 12:00:00+05:30,32.2,48.286358
2025-10-05 13:00:00+05:30,33.35,42.132984
2025-10-05 14:00:00+05:30,33.9,36.828316
2025-10-05 15:00:00+05:30,33.65,38.06176
2025-10-05 16:00:00+05:30,32.9,40.968533
2025-10-05 17:00:00+05:30,32.35,44.155956
2025-10-05 18:00:00+05:30,31.1,50.45029
2025-10-05 19:00:00+05:30,30.35,57.064686
2025-10-05 20:00:00+05:30,29.65,58.140182
2025-10-05 21:00:00+05:30,28.9,60.15518
2025-10-05 22:00:00+05:30,28.0,68.44436
2025-10-05 23:00:00+05:30,23.65,81.519485
2025-10-06 00:00:00+05:30,22.55,89.57851
2025-10-06 01:00:00+05:30,22.8,90.70408
2025-10-06 02:00:00+05:30,22.8,91.54214
2025-10-06 03:00:00+05:30,22.85,90.98588
2025-10-06 04:00:00+05:30,22.75,91.25886
2025-10-06 05:00:00+05:30,24.2,82.8516
2025-10-06 06:00:00+05:30,24.3,82.86335
2025-10-06 07:00:00+05:30,25.0,76.11834
2025-10-06 08:00:00+05:30,26.1,69.56525
2025-10-06 09:00:00+05:30,26.05,69.77129
2025-10-06 10:00:00+05:30,26.95,67.19569
2025-10-06 11:00:00+05:30,29.15,52.192387
2025-10-06 12:00:00+05:30,25.5,73.432274
2025-10-06 13:00:00+05:30,24.75,81.15814
2025-10-06 14:00:00+05:30,23.5,92.98969
2025-10-06 15:00:00+05:30,24.45,85.7159
2025-10-06 16:00:00+05:30,24.25,86.48483
2025-10-06 17:00:00+05:30,23.6,90.48091
2025-10-06 18:00:00+05:30,22.65,94.95712
2025-10-06 19:00:00+05:30,22.65,94.09071
2025-10-06 20:00:00+05:30,22.6,94.37666
2025-10-06 21:00:00+05:30,22.35,95.82122
2025-10-06 22:00:00+05:30,22.25,95.81814
2025-10-06 23:00:00+05:30,22.6,96.41532
2025-10-07 00:00:00+05:30,22.65,95.53859
2025-10-07 01:00:00+05:30,22.1,97.29069
2025-10-07 02:00:00+05:30,21.65,98.18047
2025-10-07 03:00:00+05:30,22.1,97.588524
2025-10-07 04:00:00+05:30,22.25,95.81814
2025-10-07 05:00:00+05:30,22.1,96.99369
2025-10-07 06:00:00+05:30,22.0,97.58673
2025-10-07 07:00:00+05:30,22.45,92.36761
2025-10-07 08:00:00+05:30,23.05,90.16672
2025-10-07 09:00:00+05:30,24.3,84.91879
2025-10-07 10:00:00+05:30,25.55,80.030045
2025-10-07 11:00:00+05:30,26.85,68.43109
2025-10-07 12:00:00+05:30,27.5,66.8929
2025-10-07 13:00:00+05:30,28.2,65.4097
2025-10-07 14:00:00+05:30,28.5,63.29835
2025-10-07 15:00:00+05:30,26.3,70.90352
2025-10-07 16:00:00+05:30,25.7,74.3768
2025-10-07 17:00:00+05:30,22.25,82.87835
2025-10-07 18:00:00+05:30,21.9,87.06774
2025-10-07 19:00:00+05:30,21.35,92.30633
2025-10-07 20:00:00+05:30,21.1,92.86611
2025-10-07 21:00:00+05:30,20.95,94.600395
2025-10-07 22:00:00+05:30,20.65,96.06527
2025-10-07 23:00:00+05:30,21.0,98.17156
2025-10-08 00:00:00+05:30,21.05,97.8705
2025-10-08 01:00:00+05:30,21.1,96.672775
2025-10-08 02:00:00+05:30,21.0,96.96895
2025-10-08 03:00:00+05:30,20.75,97.86567
2025-10-08 04:00:00+05:30,20.6,98.16602
2025-10-08 05:00:00+05:30,20.35,98.771736
2025-10-08 06:00:00+05:30,20.7,96.96214
2025-10-08 07:00:00+05:30,21.25,94.02976
2025-10-08 08:00:00+05:30,22.3,86.29894
2025-10-08 09:00:00+05:30,23.15,83.75732
2025-10-08 10:00:00+05:30,24.05,79.82808
2025-10-08 11:00:00+05:30,24.85,76.09488
2025-10-08 12:00:00+05:30,25.65,70.129295
2025-10-08 13:00:00+05:30,25.7,67.152855
2025-10-08 14:00:00+05:30,24.45,71.22649
2025-10-08 15:00:00+05:30,23.55,76.84189
2025-10-08 16:00:00+05:30,24.2,75.52256
2025-10-08 17:00:00+05:30,24.0,80.56386
2025-10-08 18:00:00+05:30,23.7,82.03051
2025-10-08 19:00:00+05:30,23.4,81.74053
2025-10-08 20:00:00+05:30,22.75,82.93721
2025-10-08 21:00:00+05:30,21.95,85.99758
2025-10-08 22:00:00+05:30,21.35,88.38273
2025-10-08 23:00:00+05:30,21.8,89.245674
2025-10-09 00:00:00+05:30,22.0,88.98542
2025-10-09 01:00:00+05:30,21.7,90.91087
2025-10-09 02:00:00+05:30,21.4,92.024
2025-10-09 03:00:00+05:30,21.05,93.151695
2025-10-09 04:00:00+05:30,20.7,94.29759
2025-10-09 05:00:00+05:30,20.55,92.261345
2025-10-09 06:00:00+05:30,20.75,92.27261
2025-10-09 07:00:00+05:30,21.4,91.45606
2025-10-09 08:00:00+05:30,22.7,88.493835
2025-10-09 09:00:00+05:30,24.15,83.35593
2025-10-09 10:00:00+05:30,24.95,78.24959
2025-10-09 11:00:00+05:30,26.35,68.33356
2025-10-09 12:00:00+05:30,27.45,58.344997
2025-10-09 13:00:00+05:30,28.15,50.000793
2025-10-09 14:00:00+05:30,28.2,48.60373
2025-10-09 15:00:00+05:30,28.0,48.550793
2025-10-09 16:00:00+05:30,27.35,53.23013
2025-10-09 17:00:00+05:30,26.25,60.678165
2025-10-09 18:00:00+05:30,24.55,66.29164
2025-10-09 19:00:00+05:30,23.8,68.044014
2025-10-09 20:00:00+05:30,23.1,69.42655
2025-10-09 21:00:00+05:30,22.45,70.41008
2025-10-09 22:00:00+05:30,21.8,72.55999
2025-10-09 23:00:00+05:30,21.75,78.51886
2025-10-10 00:00:00+05:30,21.45,79.721596
2025-10-10 01:00:00+05:30,21.0,81.18198
2025-10-10 02:00:00+05:30,20.6,81.9029
2025-10-10 03:00:00+05:30,20.1,82.88383
2025-10-10 04:00:00+05:30,19.5,84.67352
2025-10-10 05:00:00+05:30,19.4,89.058624
2025-10-10 06:00:00+05:30,19.5,88.786194
2025-10-10 07:00:00+05:30,20.45,86.39006
2025-10-10 08:00:00+05:30,22.05,81.31678
2025-10-10 09:00:00+05:30,23.95,74.54833
2025-10-10 10:00:00+05:30,25.7,64.88573
2025-10-10 11:00:00+05:30,26.95,56.244495
2025-10-10 12:00:00+05:30,27.75,51.343777
2025-10-10 13:00:00+05:30,28.3,45.76809
2025-10-10 14:00:00+05:30,28.45,43.375023
2025-10-10 15:00:00+05:30,28.35,42.79174
2025-10-10 16:00:00+05:30,27.75,47.715584
2025-10-10 17:00:00+05:30,26.25,55.01482
2025-10-10 18:00:00+05:30,24.35,61.01311
2025-10-10 19:00:00+05:30,23.3,66.66445
2025-10-10 20:00:00+05:30,22.95,66.38079
2025-10-10 21:00:00+05:30,22.45,67.9905
2025-10-10 22:00:00+05:30,22.4,66.904816
2025-10-10 23:00:00+05:30,21.8,72.55999
2025-10-11 00:00:00+05:30,21.4,74.12131
2025-10-11 01:00:00+05:30,20.5,78.58638
2025-10-11 02:00:00+05:30,19.85,81.80895
2025-10-11 03:00:00+05:30,19.55,82.29327
2025-10-11 04:00:00+05:30,19.2,83.04047
2025-10-11 05:00:00+05:30,19.35,87.659454
2025-10-11 06:00:00+05:30,19.85,84.711205
2025-10-11 07:00:00+05:30,20.75,82.7
2025-10-11 08:00:00+05:30,22.65,78.40291
2025-10-11 09:00:00+05:30,24.95,68.485146
2025-10-11 10:00:00+05:30,26.6,57.960533
2025-10-11 11:00:00+05:30,27.2,53.19213
2025-10-11 12:00:00+05:30,28.0,50.12053
2025-10-11 13:00:00+05:30,28.75,47.074997
2025-10-11 14:00:00+05:30,29.0,43.946156
2025-10-11 15:00:00+05:30,28.8,44.315983
2025-10-11 16:00:00+05:30,27.85,49.922348
2025-10-11 17:00:00+05:30,26.95,58.962437
2025-10-11 18:00:00+05:30,25.25,64.99398
2025-10-11 19:00:00+05:30,24.4,67.31166
2025-10-11 20:00:00+05:30,23.65,68.87802
2025-10-11 21:00:00+05:30,23.0,70.06906
2025-10-11 22:00:00+05:30,22.5,71.99793
2025-10-11 23:00:00+05:30,23.15,72.5697
2025-10-12 00:00:00+05:30,23.1,72.78941
2025-10-12 01:00:00+05:30,22.25,76.882935
2025-10-12 02:00:00+05:30,21.55,77.505936
2025-10-12 03:00:00+05:30,20.95,78.4028
2025-10-12 04:00:00+05:30,20.45,79.079865
2025-10-12 05:00:00+05:30,20.55,85.8589
2025-10-12 06:00:00+05:30,20.95,83.77054
2025-10-12 07:00:00+05:30,22.1,79.31215
2025-10-12 08:00:00+05:30,23.65,74.9652
2025-10-12 09:00:00+05:30,25.55,68.176674
2025-10-12 10:00:00+05:30,27.5,59.09118
2025-10-12 11:00:00+05:30,29.0,48.66058
2025-10-12 12:00:00+05:30,30.05,42.43685
2025-10-12 13:00:00+05:30,30.6,39.06482
2025-10-12 14:00:00+05:30,30.65,38.08548
2025-10-12 15:00:00+05:30,30.3,39.36021
2025-10-12 16:00:00+05:30,29.6,42.72219
2025-10-12 17:00:00+05:30,27.95,47.92179
2025-10-12 18:00:00+05:30,26.3,56.08548
2025-10-12 19:00:00+05:30,25.5,60.69766
2025-10-12 20:00:00+05:30,24.95,62.717606
2025-10-12 21:00:00+05:30,24.4,64.60907
2025-10-12 22:00:00+05:30,23.35,69.03727
2025-10-12 23:00:00+05:30,22.9,74.140434
2025-10-13 00:00:00+05:30,22.85,72.74549
2025-10-13 01:00:00+05:30,22.25,74.03065
2025-10-13 02:00:00+05:30,22.05,73.29764
2025-10-13 03:00:00+05:30,21.9,71.88966
2025-10-13 04:00:00+05:30,21.55,72.05537
2025-10-13 05:00:00+05:30,20.4,84.503586
2025-10-13 06:00:00+05:30,20.45,85.8489
2025-10-13 07:00:00+05:30,21.75,80.51749
2025-10-13 08:00:00+05:30,23.8,73.1402
2025-10-13 09:00:00+05:30,26.1,63.16867
2025-10-13 10:00:00+05:30,28.25,52.45675
2025-10-13 11:00:00+05:30,29.65,40.59611
2025-10-13 12:00:00+05:30,30.85,36.103893
2025-10-13 13:00:00+05:30,31.5,33.571064
2025-10-13 14:00:00+05:30,31.7,32.65588
2025-10-13 15:00:00+05:30,31.55,32.72112
2025-10-13 16:00:00+05:30,30.9,33.954994
2025-10-13 17:00:00+05:30,28.7,52.90241
2025-10-13 18:00:00+05:30,27.4,52.906586
2025-10-13 19:00:00+05:30,27.0,54.334415
2025-10-13 20:00:00+05:30,26.2,55.353256
2025-10-13 21:00:00+05:30,25.2,59.110104
2025-10-13 22:00:00+05:30,24.1,62.927402
2025-10-13 23:00:00+05:30,23.05,73.00991
2025-10-14 00:00:00+05:30,22.85,72.97499
2025-10-14 01:00:00+05:30,23.0,69.84785
2025-10-14 02:00:00+05:30,22.35,70.61505
2025-10-14 03:00:00+05:30,21.8,69.618034
2025-10-14 04:00:00+05:30,21.15,71.983116
2025-10-14 05:00:00+05:30,21.1,77.929985
2025-10-14 06:00:00+05:30,21.25,79.69408
2025-10-14 07:00:00+05:30,22.75,72.957504
2025-10-14 08:00:00+05:30,25.05,64.951645
2025-10-14 09:00:00+05:30,27.65,51.973286
2025-10-14 10:00:00+05:30,29.6,36.226974
2025-10-14 11:00:00+05:30,30.25,33.00739
2025-10-14 12:00:00+05:30,31.3,30.57819
2025-10-14 13:00:00+05:30,31.85,29.153055
2025-10-14 14:00:00+05:30,31.95,28.607828
2025-10-14 15:00:00+05:30,31.75,28.83851
2025-10-14 16:00:00+05:30,31.05,30.009785
2025-10-14 17:00:00+05:30,29.45,33.221752
2025-10-14 18:00:00+05:30,27.85,45.20788
2025-10-14 19:00:00+05:30,27.4,45.23137
2025-10-14 20:00:00+05:30,26.7,47.129303
2025-10-14 21:00:00+05:30,25.9,50.212486
2025-10-14 22:00:00+05:30,25.55,49.79738
2025-10-14 23:00:00+05:30,24.95,59.42803
2025-10-15 00:00:00+05:30,24.6,59.7253
2025-10-15 01:00:00+05:30,24.3,59.46488
2025-10-15 02:00:00+05:30,24.25,59.074223
2025-10-15 03:00:00+05:30,23.85,60.317047
2025-10-15 04:00:00+05:30,23.15,61.522106
2025-10-15 05:00:00+05:30,21.75,73.24554
2025-10-15 06:00:00+05:30,21.15,76.71308
2025-10-15 07:00:00+05:30,22.55,71.32687
2025-10-15 08:00:00+05:30,25.0,60.968113
2025-10-15 09:00:00+05:30,27.45,49.50054
2025-10-15 10:00:00+05:30,29.6,35.40708
2025-10-15 11:00:00+05:30,30.45,30.546757
2025-10-15 12:00:00+05:30,31.3,28.431677
2025-10-15 13:00:00+05:30,31.75,27.806108
2025-10-15 14:00:00+05:30,31.85,27.925583
2025-10-15 15:00:00+05:30,31.6,28.418625
2025-10-15 16:00:00+05:30,30.9,29.476206
2025-10-15 17:00:00+05:30,29.45,32.89398
2025-10-15 18:00:00+05:30,27.5,46.290997
2025-10-15 19:00:00+05:30,27.2,47.568592
2025-10-15 20:00:00+05:30,26.4,46.1426
2025-10-15 21:00:00+05:30,25.7,48.093494
2025-10-15 22:00:00+05:30,25.4,47.857117
2025-10-15 23:00:00+05:30,24.2,58.49791
2025-10-16 00:00:00+05:30,23.05,63.50179
2025-10-16 01:00:00+05:30,22.15,67.49785
2025-10-16 02:00:00+05:30,21.3,71.32386
2025-10-16 03:00:00+05:30,20.75,70.3135
2025-10-16 04:00:00+05:30,20.3,69.551544
2025-10-16 05:00:00+05:30,20.15,74.6226
2025-10-16 06:00:00+05:30,20.5,72.09618
2025-10-16 07:00:00+05:30,22.0,64.712204
2025-10-16 08:00:00+05:30,24.55,57.468006
2025-10-16 09:00:00+05:30,27.45,45.832466
2025-10-16 10:00:00+05:30,29.35,37.601856
2025-10-16 11:00:00+05:30,30.25,33.553913
2025-10-16 12:00:00+05:30,31.05,32.37034
2025-10-16 13:00:00+05:30,31.5,31.86321
2025-10-16 14:00:00+05:30,31.65,31.90449
2025-10-16 15:00:00+05:30,31.35,33.31183
2025-10-16 16:00:00+05:30,30.65,35.352695
2025-10-16 17:00:00+05:30,29.5,35.61179
2025-10-16 18:00:00+05:30,27.95,42.13181
2025-10-16 19:00:00+05:30,26.95,49.527275
2025-10-16 20:00:00+05:30,26.65,51.058876
2025-10-16 21:00:00+05:30,26.35,53.315235
2025-10-16 22:00:00+05:30,26.0,54.4296
2025-10-16 23:00:00+05:30,25.75,56.487106
2025-10-17 00:00:00+05:30,25.2,56.17269
2025-10-17 01:00:00+05:30,24.0,59.39431
2025-10-17 02:00:00+05:30,22.25,66.23536
2025-10-17 03:00:00+05:30,21.1,71.286964
2025-10-17 04:00:00+05:30,20.4,74.1882
2025-10-17 05:00:00+05:30,20.7,77.13201
2025-10-17 06:00:00+05:30,20.75,76.65089
2025-10-17 07:00:00+05:30,21.95,71.443275
2025-10-17 08:00:00+05:30,24.4,61.41402
2025-10-17 09:00:00+05:30,27.2,49.5931
2025-10-17 10:00:00+05:30,29.45,44.92011
2025-10-17 11:00:00+05:30,30.6,38.939434
2025-10-17 12:00:00+05:30,31.5,36.63626
2025-10-17 13:00:00+05:30,32.05,35.51103
2025-10-17 14:00:00+05:30,32.25,34.88613
2025-10-17 15:00:00+05:30,32.05,35.169537
2025-10-17 16:00:00+05:30,31.35,36.47698
2025-10-17 17:00:00+05:30,30.1,39.178375
2025-10-17 18:00:00+05:30,28.35,49.265503
2025-10-17 19:00:00+05:30,27.5,52.931965
2025-10-17 20:00:00+05:30,27.0,54.506733
2025-10-17 21:00:00+05:30,26.2,55.353256
2025-10-17 22:00:00+05:30,25.05,57.0401
2025-10-17 23:00:00+05:30,24.8,62.09211
2025-10-18 00:00:00+05:30,24.6,63.237656
2025-10-18 01:00:00+05:30,23.9,65.11832
2025-10-18 02:00:00+05:30,23.15,69.4362
2025-10-18 03:00:00+05:30,22.45,71.30852
2025-10-18 04:00:00+05:30,21.7,75.35582
2025-10-18 05:00:00+05:30,21.7,80.25852
2025-10-18 06:00:00+05:30,21.6,79.24214
2025-10-18 07:00:00+05:30,22.35,75.461105
2025-10-18 08:00:00+05:30,24.6,64.24496
2025-10-18 09:00:00+05:30,27.35,52.39298
2025-10-18 10:00:00+05:30,29.55,43.955376
2025-10-18 11:00:00+05:30,30.9,37.78806
2025-10-18 12:00:00+05:30,32.2,33.87364
2025-10-18 13:00:00+05:30,32.85,31.408234
2025-10-18 14:00:00+05:30,33.15,29.505901
2025-10-18 15:00:00+05:30,33.15,28.932478
2025-10-18 16:00:00+05:30,32.35,29.87167
2025-10-18 17:00:00+05:30,30.8,31.879477
2025-10-18 18:00:00+05:30,28.7,43.864307
2025-10-18 19:00:00+05:30,28.1,50.4658
2025-10-18 20:00:00+05:30,27.6,51.142334
2025-10-18 21:00:00+05:30,27.05,52.98558
2025-10-18 22:00:00+05:30,27.2,54.902546
2025-10-18 23:00:00+05:30,26.85,56.397846
2025-10-19 00:00:00+05:30,25.8,59.064083
2025-10-19 01:00:00+05:30,24.75,63.070934
2025-10-19 02:00:00+05:30,23.9,66.99872
2025-10-19 03:00:00+05:30,23.2,69.445786
2025-10-19 04:00:00+05:30,23.3,69.6847
2025-10-19 05:00:00+05:30,23.0,76.04046
2025-10-19 06:00:00+05:30,23.65,72.20385
2025-10-19 07:00:00+05:30,24.55,68.19257
2025-10-19 08:00:00+05:30,26.4,60.90328
2025-10-19 09:00:00+05:30,28.75,49.68387
2025-10-19 10:00:00+05:30,30.6,39.56991
2025-10-19 11:00:00+05:30,31.4,37.32228
2025-10-19 12:00:00+05:30,32.65,33.88821
2025-10-19 13:00:00+05:30,33.3,31.531237
2025-10-19 14:00:00+05:30,33.6,29.72442
2025-10-19 15:00:00+05:30,33.45,28.918865
2025-10-19 16:00:00+05:30,32.3,32.187668
2025-10-19 17:00:00+05:30,30.45,37.663353
2025-10-19 18:00:00+05:30,28.95,51.32855
2025-10-19 19:00:00+05:30,28.25,51.962654
2025-10-19 20:00:00+05:30,27.45,51.593197
2025-10-19 21:00:00+05:30,27.0,52.303406
2025-10-19 22:00:00+05:30,26.65,53.732067
2025-10-19 23:00:00+05:30,26.5,57.209793
2025-10-20 00:00:00+05:30,26.15,54.815216
2025-10-20 01:00:00+05:30,26.0,55.303696
2025-10-20 02:00:00+05:30,26.0,53.910988
2025-10-20 03:00:00+05:30,25.2,55.993443
2025-10-20 04:00:00+05:30,24.0,59.775696
2025-10-20 05:00:00+05:30,22.85,72.28841
2025-10-20 06:00:00+05:30,22.75,73.65017
2025-10-20 07:00:00+05:30,24.1,66.617836
2025-10-20 08:00:00+05:30,26.15,58.03627
2025-10-20 09:00:00+05:30,28.65,48.260834
2025-10-20 10:00:00+05:30,30.5,40.18178
2025-10-20 11:00:00+05:30,31.6,34.819122
2025-10-20 12:00:00+05:30,32.75,31.278969
2025-10-20 13:00:00+05:30,33.1,29.782785
2025-10-20 14:00:00+05:30,32.95,29.25949
2025-10-20 15:00:00+05:30,32.6,29.549953
2025-10-20 16:00:00+05:30,32.1,30.098684
2025-10-20 17:00:00+05:30,30.65,35.931637
2025-10-20 18:00:00+05:30,29.6,40.844505
2025-10-20 19:00:00+05:30,28.65,47.34888
2025-10-20 20:00:00+05:30,28.0,51.408253
2025-10-20 21:00:00+05:30,27.25,55.26272
2025-10-20 22:00:00+05:30,26.45,56.65773
2025-10-20 23:00:00+05:30,25.55,63.845207
2025-10-21 00:00:00+05:30,24.8,67.60374
2025-10-21 01:00:00+05:30,24.15,70.949265
2025-10-21 02:00:00+05:30,23.6,74.4903
2025-10-21 03:00:00+05:30,23.15,77.0206
2025-10-21 04:00:00+05:30,22.7,79.39571
2025-10-21 05:00:00+05:30,23.2,78.23826
2025-10-21 06:00:00+05:30,23.75,76.633804
2025-10-21 07:00:00+05:30,24.1,74.11027
2025-10-21 08:00:00+05:30,25.85,63.710182
2025-10-21 09:00:00+05:30,28.25,51.962654
2025-10-21 10:00:00+05:30,30.05,43.395138
2025-10-21 11:00:00+05:30,30.25,39.600418
2025-10-21 12:00:00+05:30,30.35,39.12143
2025-10-21 13:00:00+05:30,30.35,38.620525
2025-10-21 14:00:00+05:30,30.1,40.329838
2025-10-21 15:00:00+05:30,29.85,40.65129
2025-10-21 16:00:00+05:30,29.3,41.691544
2025-10-21 17:00:00+05:30,30.05,37.068176
2025-10-21 18:00:00+05:30,29.15,42.190018
2025-10-21 19:00:00+05:30,28.2,49.382744
2025-10-21 20:00:00+05:30,27.45,54.44683
2025-10-21 21:00:00+05:30,26.55,59.42652
2025-10-21 22:00:00+05:30,25.7,64.88573
2025-10-21 23:00:00+05:30,25.85,67.18306
2025-10-22 00:00:00+05:30,25.55,68.60233
2025-10-22 01:00:00+05:30,25.2,69.177986
2025-10-22 02:00:00+05:30,25.0,73.80251
2025-10-22 03:00:00+05:30,24.7,75.13598
2025-10-22 04:00:00+05:30,23.95,76.66463
2025-10-22 05:00:00+05:30,23.8,85.12733
2025-10-22 06:00:00+05:30,23.5,86.945755
2025-10-22 07:00:00+05:30,24.1,83.863335
2025-10-22 08:00:00+05:30,25.7,75.29712
2025-10-22 09:00:00+05:30,28.2,60.743443
2025-10-22 10:00:00+05:30,30.2,46.278786
2025-10-22 11:00:00+05:30,30.75,45.700775
2025-10-22 12:00:00+05:30,31.35,39.649895
2025-10-22 13:00:00+05:30,32.0,35.04253
2025-10-22 14:00:00+05:30,32.05,30.68296
2025-10-22 15:00:00+05:30,31.85,30.42782
2025-10-22 16:00:00+05:30,31.15,32.397938
2025-10-22 17:00:00+05:30,30.3,31.636784
2025-10-22 18:00:00+05:30,29.45,32.24697
2025-10-22 19:00:00+05:30,28.8,32.066433
2025-10-22 20:00:00+05:30,27.8,34.100838
2025-10-22 21:00:00+05:30,26.85,38.3992
2025-10-22 22:00:00+05:30,25.8,42.64418
2025-10-22 23:00:00+05:30,25.0,52.460983
2025-10-23 00:00:00+05:30,24.55,52.00688
2025-10-23 01:00:00+05:30,23.95,51.012955
2025-10-23 02:00:00+05:30,23.25,51.331036
2025-10-23 03:00:00+05:30,22.55,52.683212
2025-10-23 04:00:00+05:30,22.0,54.476307
2025-10-23 05:00:00+05:30,21.6,64.41776
2025-10-23 06:00:00+05:30,21.15,67.51147
2025-10-23 07:00:00+05:30,21.8,65.506874
2025-10-23 08:00:00+05:30,23.7,59.13346
2025-10-23 09:00:00+05:30,26.5,50.208515
2025-10-23 10:00:00+05:30,29.15,41.650234
2025-10-23 11:00:00+05:30,30.9,31.697956
2025-10-23 12:00:00+05:30,31.4,27.989805
2025-10-23 13:00:00+05:30,31.7,26.703758
2025-10-23 14:00:00+05:30,31.75,26.186888
2025-10-23 15:00:00+05:30,31.35,26.255869
2025-10-23 16:00:00+05:30,30.45,27.91924
2025-10-23 17:00:00+05:30,29.65,26.511683
2025-10-23 18:00:00+05:30,28.8,28.321627
2025-10-23 19:00:00+05:30,28.15,29.611229
2025-10-23 20:00:00+05:30,27.25,32.71763
2025-10-23 21:00:00+05:30,26.6,33.877712
2025-10-23 22:00:00+05:30,24.95,38.118896
2025-10-23 23:00:00+05:30,24.3,47.249245
2025-10-24 00:00:00+05:30,23.35,51.525623
2025-10-24 01:00:00+05:30,22.5,55.86569
2025-10-24 02:00:00+05:30,21.6,59.402138
2025-10-24 03:00:00+05:30,20.75,63.816597
2025-10-24 04:00:00+05:30,20.15,66.43891
2025-10-24 05:00:00+05:30,20.15,72.73116
2025-10-24 06:00:00+05:30,20.2,71.57971
2025-10-24 07:00:00+05:30,21.2,66.44288
2025-10-24 08:00:00+05:30,23.45,57.943718
2025-10-24 09:00:00+05:30,26.55,45.293003
2025-10-24 10:00:00+05:30,29.2,35.411686
2025-10-24 11:00:00+05:30,30.45,26.997921
2025-10-24 12:00:00+05:30,31.6,24.281921
2025-10-24 13:00:00+05:30,32.1,22.817734
2025-10-24 14:00:00+05:30,32.15,22.370285
2025-10-24 15:00:00+05:30,31.75,23.512613
2025-10-24 16:00:00+05:30,30.8,26.021242
2025-10-24 17:00:00+05:30,29.0,28.76173
2025-10-24 18:00:00+05:30,28.0,40.1388
2025-10-24 19:00:00+05:30,27.25,38.765892
2025-10-24 20:00:00+05:30,26.1,43.008602
2025-10-24 21:00:00+05:30,25.3,49.731285
2025-10-24 22:00:00+05:30,24.75,51.555557
2025-10-24 23:00:00+05:30,23.8,53.351597
2025-10-25 00:00:00+05:30,22.95,53.65668
2025-10-25 01:00:00+05:30,22.2,53.464165
2025-10-25 02:00:00+05:30,21.6,54.91388
2025-10-25 03:00:00+05:30,20.9,57.89063
2025-10-25 04:00:00+05:30,20.05,62.220036
2025-10-25 05:00:00+05:30,19.65,75.745995
2025-10-25 06:00:00+05:30,19.85,76.02151
2025-10-25 07:00:00+05:30,21.2,68.61571
2025-10-25 08:00:00+05:30,23.65,58.93202
2025-10-25 09:00:00+05:30,26.7,45.925552
2025-10-25 10:00:00+05:30,29.15,36.10153
2025-10-25 11:00:00+05:30,29.8,29.667156
2025-10-25 12:00:00+05:30,31.2,27.109022
2025-10-25 13:00:00+05:30,31.55,26.309244
2025-10-25 14:00:00+05:30,31.7,25.738857
2025-10-25 15:00:00+05:30,31.25,25.879192
2025-10-25 16:00:00+05:30,30.35,27.061872
2025-10-25 17:00:00+05:30,28.75,29.676754
2025-10-25 18:00:00+05:30,27.4,32.64986
2025-10-25 19:00:00+05:30,26.65,34.697144
2025-10-25 20:00:00+05:30,26.0,39.711327
2025-10-25 21:00:00+05:30,25.4,41.149998
2025-10-25 22:00:00+05:30,24.6,44.17129
2025-10-25 23:00:00+05:30,24.05,49.07694
2025-10-26 00:00:00+05:30,23.5,51.733658
2025-10-26 01:00:00+05:30,22.4,54.936142
2025-10-26 02:00:00+05:30,21.25,58.548122
2025-10-26 03:00:00+05:30,21.0,59.259262
2025-10-26 04:00:00+05:30,20.0,64.06828
2025-10-26 05:00:00+05:30,19.3,68.906784
2025-10-26 06:00:00+05:30,18.9,70.41688
2025-10-26 07:00:00+05:30,20.15,66.008385
2025-10-26 08:00:00+05:30,22.7,58.705555
2025-10-26 09:00:00+05:30,25.75,47.178802
2025-10-26 10:00:00+05:30,28.2,38.147274
2025-10-26 11:00:00+05:30,29.6,32.50302
2025-10-26 12:00:00+05:30,30.7,27.893595
2025-10-26 13:00:00+05:30,31.35,25.048594
2025-10-26 14:00:00+05:30,31.55,23.70066
2025-10-26 15:00:00+05:30,31.15,23.75759
2025-10-26 16:00:00+05:30,30.35,24.86888
2025-10-26 17:00:00+05:30,28.95,34.422375
2025-10-26 18:00:00+05:30,27.65,35.919205
2025-10-26 19:00:00+05:30,26.75,39.92138
2025-10-26 20:00:00+05:30,26.15,43.589703
2025-10-26 21:00:00+05:30,25.55,46.061565
2025-10-26 22:00:00+05:30,24.9,49.303627
2025-10-26 23:00:00+05:30,23.65,53.31315
2025-10-27 00:00:00+05:30,22.6,58.68162
2025-10-27 01:00:00+05:30,21.95,61.247288
2025-10-27 02:00:00+05:30,21.5,62.345917
2025-10-27 03:00:00+05:30,21.35,63.125572
2025-10-27 04:00:00+05:30,20.9,65.10419
2025-10-27 05:00:00+05:30,20.6,66.317665
2025-10-27 06:00:00+05:30,20.25,68.205894
2025-10-27 07:00:00+05:30,21.25,66.02617
2025-10-27 08:00:00+05:30,23.4,57.373497
2025-10-27 09:00:00+05:30,26.05,48.343338
2025-10-27 10:00:00+05:30,28.45,39.100986
2025-10-27 11:00:00+05:30,29.1,37.90123
2025-10-27 12:00:00+05:30,30.25,33.99685
2025-10-27 13:00:00+05:30,29.95,34.928925
2025-10-27 14:00:00+05:30,28.8,40.75515
2025-10-27 15:00:00+05:30,25.85,50.850418
2025-10-27 16:00:00+05:30,24.75,48.151775
2025-10-27 17:00:00+05:30,25.75,46.720703
2025-10-27 18:00:00+05:30,24.65,49.076817
2025-10-27 19:00:00+05:30,23.75,56.539894
2025-10-27 20:00:00+05:30,23.15,63.727024
2025-10-27 21:00:00+05:30,22.65,68.68237
2025-10-27 22:00:00+05:30,22.3,71.05525
2025-10-27 23:00:00+05:30,22.05,74.231125
2025-10-28 00:00:00+05:30,21.9,76.34615
2025-10-28 01:00:00+05:30,21.6,78.2502
2025-10-28 02:00:00+05:30,21.25,80.70468
2025-10-28 03:00:00+05:30,21.3,81.73283
2025-10-28 04:00:00+05:30,21.4,78.96475
2025-10-28 05:00:00+05:30,21.95,79.790215
2025-10-28 06:00:00+05:30,22.0,78.30855
2025-10-28 07:00:00+05:30,22.3,75.453064
2025-10-28 08:00:00+05:30,22.65,73.63308
2025-10-28 09:00:00+05:30,23.35,70.35667
2025-10-28 10:00:00+05:30,24.7,62.860764
2025-10-28 11:00:00+05:30,25.35,58.3991
2025-10-28 12:00:00+05:30,25.45,56.593826
2025-10-28 13:00:00+05:30,26.2,53.44749
2025-10-28 14:00:00+05:30,26.3,54.504772
2025-10-28 15:00:00+05:30,26.6,53.208958
2025-10-28 16:00:00+05:30,26.3,55.027267
2025-10-28 17:00:00+05:30,24.8,66.13507
2025-10-28 18:00:00+05:30,23.9,71.57299
2025-10-28 19:00:00+05:30,23.35,74.68209
2025-10-28 20:00:00+05:30,22.6,79.63002
2025-10-28 21:00:00+05:30,22.05,83.89419
2025-10-28 22:00:00+05:30,21.6,87.04028
2025-10-28 23:00:00+05:30,21.3,86.20215
2025-10-29 00:00:00+05:30,21.0,88.07846
2025-10-29 01:00:00+05:30,20.9,88.89842
2025-10-29 02:00:00+05:30,20.75,89.72262
2025-10-29 03:00:00+05:30,20.7,88.88246
2025-10-29 04:00:00+05:30,20.65,88.04865
2025-10-29 05:00:00+05:30,20.2,87.45903
2025-10-29 06:00:00+05:30,20.3,85.56418
2025-10-29 07:00:00+05:30,21.05,81.44458
2025-10-29 08:00:00+05:30,22.8,72.73671
2025-10-29 09:00:00+05:30,24.95,63.715076
2025-10-29 10:00:00+05:30,26.85,55.338593
2025-10-29 11:00:00+05:30,27.7,53.318653
2025-10-29 12:00:00+05:30,28.55,49.78898
2025-10-29 13:00:00+05:30,29.15,47.032257
2025-10-29 14:00:00+05:30,29.2,46.15727
2025-10-29 15:00:00+05:30,28.95,46.384663
2025-10-29 16:00:00+05:30,28.4,48.348167
2025-10-29 17:00:00+05:30,27.9,48.36972
2025-10-29 18:00:00+05:30,27.1,51.997177
2025-10-29 19:00:00+05:30,26.7,53.744656
2025-10-29 20:00:00+05:30,25.95,60.99229
2025-10-29 21:00:00+05:30,25.85,60.20573
2025-10-29 22:00:00+05:30,25.3,60.65178
2025-10-29 23:00:00+05:30,24.75,65.91718
2025-10-30 00:00:00+05:30,24.7,63.45987
2025-10-30 01:00:00+05:30,24.1,66.407936
2025-10-30 02:00:00+05:30,24.0,66.80789
2025-10-30 03:00:00+05:30,23.5,69.28461
2025-10-30 04:00:00+05:30,23.05,71.64384
2025-10-30 05:00:00+05:30,22.85,77.700325
2025-10-30 06:00:00+05:30,22.55,79.62318
2025-10-30 07:00:00+05:30,22.95,77.71519
2025-10-30 08:00:00+05:30,23.4,76.34135
2025-10-30 09:00:00+05:30,24.8,71.512566
2025-10-30 10:00:00+05:30,26.05,68.0634
2025-10-30 11:00:00+05:30,27.3,64.61996
2025-10-30 12:00:00+05:30,27.25,61.478054
2025-10-30 13:00:00+05:30,26.85,63.332256
2025-10-30 14:00:00+05:30,26.65,63.684357
2025-10-30 15:00:00+05:30,26.35,64.61921
2025-10-30 16:00:00+05:30,26.05,65.77497
2025-10-30 17:00:00+05:30,24.9,74.93631
2025-10-30 18:00:00+05:30,24.75,76.550606
2025-10-30 19:00:00+05:30,23.95,82.82223
2025-10-30 20:00:00+05:30,23.5,88.28827
2025-10-30 21:00:00+05:30,23.2,91.28713
2025-10-30 22:00:00+05:30,23.05,93.25094
2025-10-30 23:00:00+05:30,22.85,94.96451
2025-10-31 00:00:00+05:30,22.85,93.81249
2025-10-31 01:00:00+05:30,22.7,93.80571
2025-10-31 02:00:00+05:30,22.5,94.37256
2025-10-31 03:00:00+05:30,22.25,94.94224
2025-10-31 04:00:00+05:30,22.05,95.81199
2025-10-31 05:00:00+05:30,21.55,95.50222
2025-10-31 06:00:00+05:30,21.4,96.97798
2025-10-31 07:00:00+05:30,22.15,94.93854
2025-10-31 08:00:00+05:30,23.2,90.45359
2025-10-31 09:00:00+05:30,24.85,78.96024
2025-10-31 10:00:00+05:30,26.6,67.961136
2025-10-31 11:00:00+05:30,27.85,61.23157
2025-10-31 12:00:00+05:30,29.1,55.02734
2025-10-31 13:00:00+05:30,29.9,50.931362
2025-10-31 14:00:00+05:30,30.25,48.07501
2025-10-31 15:00:00+05:30,30.3,46.74567
2025-10-31 16:00:00+05:30,29.65,47.165535
2025-10-31 17:00:00+05:30,28.2,55.323055
2025-10-31 18:00:00+05:30,26.9,64.135666
2025-10-31 19:00:00+05:30,26.1,68.28464
2025-10-31 20:00:00+05:30,25.5,69.88391
2025-10-31 21:00:00+05:30,24.8,71.06869
2025-10-31 22:00:00+05:30,24.0,73.40352
2025-10-31 23:00:00+05:30,23.35,80.7281
2025-11-01 00:00:00+05:30,22.95,81.68435
2025-11-01 01:00:00+05:30,22.65,81.64682
2025-11-01 02:00:00+05:30,22.0,84.67588
2025-11-01 03:00:00+05:30,21.2,89.477196
2025-11-01 04:00:00+05:30,20.8,92.27544
2025-11-01 05:00:00+05:30,20.9,94.59844
2025-11-01 06:00:00+05:30,20.75,96.068184
2025-11-01 07:00:00+05:30,21.25,91.44674
2025-11-01 08:00:00+05:30,23.05,81.44385
2025-11-01 09:00:00+05:30,25.95,64.13187
2025-11-01 10:00:00+05:30,28.35,48.3349
2025-11-01 11:00:00+05:30,29.8,36.28267
2025-11-01 12:00:00+05:30,30.55,31.084106
2025-11-01 13:00:00+05:30,30.85,29.07371
2025-11-01 14:00:00+05:30,30.75,28.757837
2025-11-01 15:00:00+05:30,30.4,29.241982
2025-11-01 16:00:00+05:30,29.6,29.612244
2025-11-01 17:00:00+05:30,26.95,47.196533
2025-11-01 18:00:00+05:30,25.55,51.93021
2025-11-01 19:00:00+05:30,24.65,54.967278
2025-11-01 20:00:00+05:30,24.05,55.529392
2025-11-01 21:00:00+05:30,23.45,57.571148
2025-11-01 22:00:00+05:30,22.95,58.19821
2025-11-01 23:00:00+05:30,22.0,67.683586
2025-11-02 00:00:00+05:30,21.35,67.98754
2025-11-02 01:00:00+05:30,21.15,67.72911
2025-11-02 02:00:00+05:30,20.85,68.54638
2025-11-02 03:00:00+05:30,20.1,71.56134
2025-11-02 04:00:00+05:30,19.55,73.330795
2025-11-02 05:00:00+05:30,19.4,78.67786
2025-11-02 06:00:00+05:30,19.25,79.6703
2025-11-02 07:00:00+05:30,19.9,77.50305
2025-11-02 08:00:00+05:30,21.6,73.45236
2025-11-02 09:00:00+05:30,23.75,65.08645
2025-11-02 10:00:00+05:30,25.75,58.494175
2025-11-02 11:00:00+05:30,27.6,50.496006
2025-11-02 12:00:00+05:30,28.8,39.32611
2025-11-02 13:00:00+05:30,29.3,35.556038
2025-11-02 14:00:00+05:30,29.35,35.22163
2025-11-02 15:00:00+05:30,29.05,35.48629
2025-11-02 16:00:00+05:30,28.05,39.11725
2025-11-02 17:00:00+05:30,26.2,47.91648
2025-11-02 18:00:00+05:30,24.6,54.42647
2025-11-02 19:00:00+05:30,23.7,56.345394
2025-11-02 20:00:00+05:30,23.1,56.015015
2025-11-02 21:00:00+05:30,22.45,56.21864
2025-11-02 22:00:00+05:30,21.75,57.15607
2025-11-02 23:00:00+05:30,21.6,60.376816
2025-11-03 00:00:00+05:30,21.2,60.086773
2025-11-03 01:00:00+05:30,20.55,61.32349
2025-11-03 02:00:00+05:30,19.65,64.20118
2025-11-03 03:00:00+05:30,19.0,66.19736
2025-11-03 04:00:00+05:30,18.5,67.852234
2025-11-03 05:00:00+05:30,18.15,72.1366
2025-11-03 06:00:00+05:30,17.85,72.55512
2025-11-03 07:00:00+05:30,18.25,70.29261
2025-11-03 08:00:00+05:30,19.9,68.57913
2025-11-03 09:00:00+05:30,22.3,60.14959
2025-11-03 10:00:00+05:30,24.75,52.227367
2025-11-03 11:00:00+05:30,27.15,45.603546
2025-11-03 12:00:00+05:30,28.8,39.970116
2025-11-03 13:00:00+05:30,29.9,34.687088
2025-11-03 14:00:00+05:30,30.45,27.91924
2025-11-03 15:00:00+05:30,30.0,28.457994
2025-11-03 16:00:00+05:30,28.65,32.024723
2025-11-03 17:00:00+05:30,26.3,42.225414
2025-11-03 18:00:00+05:30,25.15,45.652405
2025-11-03 19:00:00+05:30,24.25,51.25817
2025-11-03 20:00:00+05:30,24.05,50.213367
2025-11-03 21:00:00+05:30,23.45,51.215652
2025-11-03 22:00:00+05:30,22.7,53.06879
2025-11-03 23:00:00+05:30,22.95,54.00815
2025-11-04 00:00:00+05:30,21.7,56.771038
2025-11-04 01:00:00+05:30,20.95,59.247326
2025-11-04 02:00:00+05:30,20.05,62.834435
2025-11-04 03:00:00+05:30,19.25,67.34182
2025-11-04 04:00:00+05:30,19.45,68.93645
2025-11-04 05:00:00+05:30,18.85,73.92326
2025-11-04 06:00:00+05:30,19.9,68.13561
2025-11-04 07:00:00+05:30,20.1,67.07902
2025-11-04 08:00:00+05:30,21.75,65.07609
2025-11-04 09:00:00+05:30,23.55,61.024513
2025-11-04 10:00:00+05:30,25.65,54.168163
2025-11-04 11:00:00+05:30,27.45,46.57629
2025-11-04 12:00:00+05:30,28.65,41.646767
2025-11-04 13:00:00+05:30,28.65,43.569687
2025-11-04 14:00:00+05:30,28.15,45.727535
2025-11-04 15:00:00+05:30,27.85,42.792603
2025-11-04 16:00:00+05:30,26.85,46.866238
2025-11-04 17:00:00+05:30,25.35,61.823967
2025-11-04 18:00:00+05:30,24.65,60.31009
2025-11-04 19:00:00+05:30,23.6,64.02874
2025-11-04 20:00:00+05:30,23.0,66.60269
2025-11-04 21:00:00+05:30,22.1,71.24416
2025-11-04 22:00:00+05:30,21.6,72.987114
2025-11-04 23:00:00+05:30,21.8,80.27196
2025-11-05 00:00:00+05:30,21.3,82.50644
2025-11-05 01:00:00+05:30,21.45,82.00855
2025-11-05 02:00:00+05:30,21.4,81.4891
2025-11-05 03:00:00+05:30,20.15,85.81889
2025-11-05 04:00:00+05:30,19.35,88.21522
2025-11-05 05:00:00+05:30,18.95,91.88
2025-11-05 06:00:00+05:30,18.85,91.874054
2025-11-05 07:00:00+05:30,19.95,87.98866
2025-11-05 08:00:00+05:30,22.05,80.05436
2025-11-05 09:00:00+05:30,24.15,71.842445
2025-11-05 10:00:00+05:30,26.1,62.97125
2025-11-05 11:00:00+05:30,28.05,54.940224
2025-11-05 12:00:00+05:30,29.25,43.176792
2025-11-05 13:00:00+05:30,29.45,37.263893
2025-11-05 14:00:00+05:30,29.35,34.991066
2025-11-05 15:00:00+05:30,28.9,35.795784
2025-11-05 16:00:00+05:30,28.0,39.103294
2025-11-05 17:00:00+05:30,27.05,39.743134
2025-11-05 18:00:00+05:30,25.9,44.52964
2025-11-05 19:00:00+05:30,24.75,47.371124
2025-11-05 20:00:00+05:30,23.75,48.51623
2025-11-05 21:00:00+05:30,22.8,50.046093
2025-11-05 22:00:00+05:30,21.95,51.326946
2025-11-05 23:00:00+05:30,21.25,59.90279
2025-11-06 00:00:00+05:30,20.5,59.92164
2025-11-06 01:00:00+05:30,19.6,57.38135
2025-11-06 02:00:00+05:30,18.75,49.963116
2025-11-06 03:00:00+05:30,17.7,48.167793
2025-11-06 04:00:00+05:30,16.8,51.339714
2025-11-06 05:00:00+05:30,16.4,63.691654
2025-11-06 06:00:00+05:30,15.8,66.399124
2025-11-06 07:00:00+05:30,16.1,65.79804
2025-11-06 08:00:00+05:30,17.65,62.70572
2025-11-06 09:00:00+05:30,19.8,55.739693
2025-11-06 10:00:00+05:30,22.05,46.635067
2025-11-06 11:00:00+05:30,24.05,37.736378
2025-11-06 12:00:00+05:30,25.2,32.251816
2025-11-06 13:00:00+05:30,25.85,29.275316
2025-11-06 14:00:00+05:30,26.05,28.930735
2025-11-06 15:00:00+05:30,25.7,29.740425
2025-11-06 16:00:00+05:30,24.8,33.25641
2025-11-06 17:00:00+05:30,22.85,41.53853
2025-11-06 18:00:00+05:30,21.7,47.48304
2025-11-06 19:00:00+05:30,20.95,50.21763
2025-11-06 20:00:00+05:30,20.2,51.721912
2025-11-06 21:00:00+05:30,19.7,51.589542
2025-11-06 22:00:00+05:30,19.05,51.590702
2025-11-06 23:00:00+05:30,18.65,53.433853
2025-11-07 00:00:00+05:30,17.75,55.0322
2025-11-07 01:00:00+05:30,17.0,56.350025
2025-11-07 02:00:00+05:30,16.4,57.74872
2025-11-07 03:00:00+05:30,15.8,59.595295
2025-11-07 04:00:00+05:30,15.35,60.922066
2025-11-07 05:00:00+05:30,15.35,64.97489
2025-11-07 06:00:00+05:30,14.75,66.84983
2025-11-07 07:00:00+05:30,15.0,65.78224
2025-11-07 08:00:00+05:30,16.45,62.221363
2025-11-07 09:00:00+05:30,18.85,53.66629
2025-11-07 10:00:00+05:30,21.3,46.42858
2025-11-07 11:00:00+05:30,24.35,39.246746
2025-11-07 12:00:00+05:30,26.05,32.162025
2025-11-07 13:00:00+05:30,27.0,26.612047
2025-11-07 14:00:00+05:30,27.25,24.470253
2025-11-07 15:00:00+05:30,26.95,24.81856
2025-11-07 16:00:00+05:30,25.85,28.875303
2025-11-07 17:00:00+05:30,24.0,35.609035
2025-11-07 18:00:00+05:30,22.65,39.83214
2025-11-07 19:00:00+05:30,21.45,42.709908
2025-11-07 20:00:00+05:30,20.45,44.95741
2025-11-07 21:00:00+05:30,19.45,47.023785
2025-11-07 22:00:00+05:30,18.65,48.09978
2025-11-07 23:00:00+05:30,18.25,50.856205
2025-11-08 00:00:00+05:30,17.3,53.44298
2025-11-08 01:00:00+05:30,16.75,54.96167
2025-11-08 02:00:00+05:30,16.3,55.790516
2025-11-08 03:00:00+05:30,15.75,56.804924
2025-11-08 04:00:00+05:30,15.15,58.229755
2025-11-08 05:00:00+05:30,14.35,64.096016
2025-11-08 06:00:00+05:30,13.85,65.53235
2025-11-08 07:00:00+05:30,14.8,60.791344
2025-11-08 08:00:00+05:30,16.75,55.9053
2025-11-08 09:00:00+05:30,19.4,46.690884
2025-11-08 10:00:00+05:30,22.0,38.1854
2025-11-08 11:00:00+05:30,24.55,29.419624
2025-11-08 12:00:00+05:30,25.9,25.411518
2025-11-08 13:00:00+05:30,26.6,23.13408
2025-11-08 14:00:00+05:30,26.75,21.749865
2025-11-08 15:00:00+05:30,26.35,22.745525
2025-11-08 16:00:00+05:30,25.35,25.890112
2025-11-08 17:00:00+05:30,23.15,33.706333
2025-11-08 18:00:00+05:30,22.05,38.725685
2025-11-08 19:00:00+05:30,21.15,41.76353
2025-11-08 20:00:00+05:30,20.15,45.333797
2025-11-08 21:00:00+05:30,19.3,48.607094
2025-11-08 22:00:00+05:30,18.7,49.27489
2025-11-08 23:00:00+05:30,18.05,54.369717
2025-11-09 00:00:00+05:30,17.45,52.75901
2025-11-09 01:00:00+05:30,16.9,53.520477
2025-11-09 02:00:00+05:30,16.25,55.208893
2025-11-09 03:00:00+05:30,15.65,56.974323
2025-11-09 04:00:00+05:30,15.1,58.617603
2025-11-09 05:00:00+05:30,14.2,66.50702
2025-11-09 06:00:00+05:30,14.05,66.02414
2025-11-09 07:00:00+05:30,14.65,63.72829
2025-11-09 08:00:00+05:30,16.4,59.740208
2025-11-09 09:00:00+05:30,18.95,51.56409
2025-11-09 10:00:00+05:30,21.7,43.65707
2025-11-09 11:00:00+05:30,24.4,33.029987
2025-11-09 12:00:00+05:30,25.9,28.298151
2025-11-09 13:00:00+05:30,26.65,26.061974
2025-11-09 14:00:00+05:30,26.8,25.388803
2025-11-09 15:00:00+05:30,26.5,26.659962
2025-11-09 16:00:00+05:30,25.55,29.800896
2025-11-09 17:00:00+05:30,23.45,37.56591
2025-11-09 18:00:00+05:30,22.4,40.71664
2025-11-09 19:00:00+05:30,21.4,41.97686
2025-11-09 20:00:00+05:30,20.45,42.71822
2025-11-09 21:00:00+05:30,19.55,44.552555
2025-11-09 22:00:00+05:30,19.05,45.335598
2025-11-09 23:00:00+05:30,18.5,47.8945
2025-11-10 00:00:00+05:30,17.75,50.54873
2025-11-10 01:00:00+05:30,16.75,54.96167
2025-11-10 02:00:00+05:30,16.05,57.661636
2025-11-10 03:00:00+05:30,15.55,59.130314
2025-11-10 04:00:00+05:30,14.95,61.03499
2025-11-10 05:00:00+05:30,14.15,68.79043
2025-11-10 06:00:00+05:30,13.85,69.904434
2025-11-10 07:00:00+05:30,14.45,67.697136
2025-11-10 08:00:00+05:30,16.4,62.630074
2025-11-10 09:00:00+05:30,19.25,51.64382
2025-11-10 10:00:00+05:30,21.95,42.850716
2025-11-10 11:00:00+05:30,24.4,34.883354
2025-11-10 12:00:00+05:30,26.05,27.75911
2025-11-10 13:00:00+05:30,26.7,25.361883
2025-11-10 14:00:00+05:30,26.95,24.305536
2025-11-10 15:00:00+05:30,26.6,24.043682
2025-11-10 16:00:00+05:30,25.7,25.894697
2025-11-10 17:00:00+05:30,23.35,34.70365
2025-11-10 18:00:00+05:30,22.25,38.38767
2025-11-10 19:00:00+05:30,21.3,43.250668
2025-11-10 20:00:00+05:30,20.5,45.12426
2025-11-10 21:00:00+05:30,19.85,46.656834
2025-11-10 22:00:00+05:30,19.35,46.51817
2025-11-10 23:00:00+05:30,18.95,49.510708
2025-11-11 00:00:00+05:30,17.5,52.772205
2025-11-11 01:00:00+05:30,16.35,56.56951
2025-11-11 02:00:00+05:30,15.4,58.691467
2025-11-11 03:00:00+05:30,14.55,61.568653
2025-11-11 04:00:00+05:30,14.1,63.17035
2025-11-11 05:00:00+05:30,13.7,69.874886
2025-11-11 06:00:00+05:30,13.65,69.86502
2025-11-11 07:00:00+05:30,14.2,67.41619
2025-11-11 08:00:00+05:30,16.35,60.541725
2025-11-11 09:00:00+05:30,19.3,50.793392
2025-11-11 10:00:00+05:30,22.15,41.90438
2025-11-11 11:00:00+05:30,24.8,33.712868
2025-11-11 12:00:00+05:30,26.35,27.745834
2025-11-11 13:00:00+05:30,27.1,25.031864
2025-11-11 14:00:00+05:30,27.35,23.249771
2025-11-11 15:00:00+05:30,26.95,24.05256
2025-11-11 16:00:00+05:30,25.95,26.78767
2025-11-11 17:00:00+05:30,23.75,32.284977
2025-11-11 18:00:00+05:30,22.55,37.309467
2025-11-11 19:00:00+05:30,21.4,42.263153
2025-11-11 20:00:00+05:30,20.35,46.795097
2025-11-11 21:00:00+05:30,19.65,49.19923
2025-11-11 22:00:00+05:30,19.1,49.38366
2025-11-11 23:00:00+05:30,18.75,51.685417
2025-11-12 00:00:00+05:30,17.8,53.75581
2025-11-12 01:00:00+05:30,17.0,56.350025
2025-11-12 02:00:00+05:30,16.4,58.142258
2025-11-12 03:00:00+05:30,15.75,59.989727
2025-11-12 04:00:00+05:30,15.15,62.13067
2025-11-12 05:00:00+05:30,14.3,69.05379
2025-11-12 06:00:00+05:30,14.0,69.93396
2025-11-12 07:00:00+05:30,14.35,68.367
2025-11-12 08:00:00+05:30,16.25,61.965843
2025-11-12 09:00:00+05:30,19.2,51.804886
2025-11-12 10:00:00+05:30,22.15,43.197266
2025-11-12 11:00:00+05:30,24.85,35.850273
2025-11-12 12:00:00+05:30,26.55,29.069206
2025-11-12 13:00:00+05:30,27.25,25.598234
2025-11-12 14:00:00+05:30,27.45,23.85101
2025-11-12 15:00:00+05:30,27.05,24.502146
2025-11-12 16:00:00+05:30,26.2,26.394484
2025-11-12 17:00:00+05:30,23.85,34.727127
2025-11-12 18:00:00+05:30,22.75,39.190353
2025-11-12 19:00:00+05:30,21.7,43.216755
2025-11-12 20:00:00+05:30,20.8,47.236404
2025-11-12 21:00:00+05:30,20.15,50.50943
2025-11-12 22:00:00+05:30,19.4,52.560024
2025-11-12 23:00:00+05:30,19.05,54.444424
2025-11-13 00:00:00+05:30,17.3,58.956604
2025-11-13 01:00:00+05:30,16.15,64.49709
2025-11-13 02:00:00+05:30,15.4,68.58056
2025-11-13 03:00:00+05:30,14.7,72.4634
2025-11-13 04:00:00+05:30,14.25,74.60067
2025-11-13 05:00:00+05:30,13.65,80.46633
2025-11-13 06:00:00+05:30,13.15,81.20893
2025-11-13 07:00:00+05:30,13.75,76.287544
2025-11-13 08:00:00+05:30,15.65,68.172966
2025-11-13 09:00:00+05:30,18.3,56.867832
2025-11-13 10:00:00+05:30,21.15,46.857723
2025-11-13 11:00:00+05:30,23.8,37.284622
2025-11-13 12:00:00+05:30,25.15,32.56949
2025-11-13 13:00:00+05:30,25.9,28.395905
2025-11-13 14:00:00+05:30,26.25,25.773724
2025-11-13 15:00:00+05:30,25.95,25.513914
2025-11-13 16:00:00+05:30,25.05,28.752806
2025-11-13 17:00:00+05:30,22.45,37.665337
2025-11-13 18:00:00+05:30,21.5,40.323254
2025-11-13 19:00:00+05:30,20.4,43.885826
2025-11-13 20:00:00+05:30,19.25,47.937565
2025-11-13 21:00:00+05:30,18.55,50.42056
2025-11-13 22:00:00+05:30,17.9,51.9869
2025-11-13 23:00:00+05:30,17.55,54.609436
2025-11-14 00:00:00+05:30,16.7,57.043976
2025-11-14 01:00:00+05:30,15.7,61.42021
2025-11-14 02:00:00+05:30,15.0,64.24154
2025-11-14 03:00:00+05:30,14.45,66.11034
2025-11-14 04:00:00+05:30,13.85,68.26461
2025-11-14 05:00:00+05:30,13.5,74.22104
2025-11-14 06:00:00+05:30,13.3,75.19429
2025-11-14 07:00:00+05:30,13.65,73.74854
2025-11-14 08:00:00+05:30,15.55,67.24386
2025-11-14 09:00:00+05:30,18.35,56.12164
2025-11-14 10:00:00+05:30,21.05,46.04812
2025-11-14 11:00:00+05:30,23.5,37.452812
2025-11-14 12:00:00+05:30,25.05,28.752806
2025-11-14 13:00:00+05:30,25.65,27.553404
2025-11-14 14:00:00+05:30,26.0,25.61661
2025-11-14 15:00:00+05:30,25.8,24.424957
2025-11-14 16:00:00+05:30,24.9,26.780117
2025-11-14 17:00:00+05:30,22.6,35.210094
2025-11-14 18:00:00+05:30,21.85,38.142536
2025-11-14 19:00:00+05:30,20.75,42.36741
2025-11-14 20:00:00+05:30,19.6,46.42927
2025-11-14 21:00:00+05:30,18.75,49.624798
2025-11-14 22:00:00+05:30,18.05,52.203766
2025-11-14 23:00:00+05:30,17.45,57.03871
2025-11-15 00:00:00+05:30,16.9,55.56453
2025-11-15 01:00:00+05:30,15.9,59.21564
2025-11-15 02:00:00+05:30,15.15,62.342224
2025-11-15 03:00:00+05:30,14.4,65.42949
2025-11-15 04:00:00+05:30,13.65,68.689026
2025-11-15 05:00:00+05:30,13.05,75.661354
2025-11-15 06:00:00+05:30,12.75,76.90025
2025-11-15 07:00:00+05:30,13.0,75.653046
2025-11-15 08:00:00+05:30,15.1,67.376335
2025-11-15 09:00:00+05:30,18.05,55.857384
2025-11-15 10:00:00+05:30,20.95,45.24973
2025-11-15 11:00:00+05:30,23.6,35.616604
2025-11-15 12:00:00+05:30,25.25,29.00816
2025-11-15 13:00:00+05:30,26.1,27.5817
2025-11-15 14:00:00+05:30,26.55,25.058496
2025-11-15 15:00:00+05:30,26.35,25.179777
2025-11-15 16:00:00+05:30,25.5,27.993156
2025-11-15 17:00:00+05:30,22.8,39.3378
2025-11-15 18:00:00+05:30,22.2,38.636375
2025-11-15 19:00:00+05:30,21.2,41.635582
2025-11-15 20:00:00+05:30,20.3,44.610966
2025-11-15 21:00:00+05:30,19.5,47.197838
2025-11-15 22:00:00+05:30,18.7,49.27489
2025-11-15 23:00:00+05:30,17.25,57.569283
2025-11-16 00:00:00+05:30,16.2,59.288586
2025-11-16 01:00:00+05:30,15.25,63.21758
2025-11-16 02:00:00+05:30,14.55,66.58161
2025-11-16 03:00:00+05:30,13.9,68.97328
2025-11-16 04:00:00+05:30,13.25,70.26228
2025-11-16 05:00:00+05:30,12.45,80.03074
2025-11-16 06:00:00+05:30,12.25,79.46432
2025-11-16 07:00:00+05:30,12.8,74.85587
2025-11-16 08:00:00+05:30,14.95,65.994225
2025-11-16 09:00:00+05:30,17.95,54.897747
2025-11-16 10:00:00+05:30,21.0,45.11091
2025-11-16 11:00:00+05:30,23.65,36.864582
2025-11-16 12:00:00+05:30,25.55,29.292673
2025-11-16 13:00:00+05:30,26.5,25.573479
2025-11-16 14:00:00+05:30,26.8,23.596506
2025-11-16 15:00:00+05:30,26.4,24.074753
2025-11-16 16:00:00+05:30,25.5,26.479534
2025-11-16 17:00:00+05:30,23.0,34.248608
2025-11-16 18:00:00+05:30,22.25,36.091145
2025-11-16 19:00:00+05:30,21.05,39.92047
2025-11-16 20:00:00+05:30,19.7,44.90044
2025-11-16 21:00:00+05:30,18.9,47.192776
2025-11-16 22:00:00+05:30,18.25,47.989613
2025-11-16 23:00:00+05:30,17.4,51.676937
2025-11-17 00:00:00+05:30,15.85,56.057953
2025-11-17 01:00:00+05:30,14.8,60.377075
2025-11-17 02:00:00+05:30,14.25,61.709076
2025-11-17 03:00:00+05:30,13.7,63.078686
2025-11-17 04:00:00+05:30,13.15,64.93175
2025-11-17 05:00:00+05:30,12.25,73.4997
2025-11-17 06:00:00+05:30,12.25,72.50376
2025-11-17 07:00:00+05:30,12.65,70.14463
2025-11-17 08:00:00+05:30,14.75,62.67524
2025-11-17 09:00:00+05:30,17.75,51.770363
2025-11-17 10:00:00+05:30,20.6,42.469727
2025-11-17 11:00:00+05:30,23.2,35.624367
2025-11-17 12:00:00+05:30,24.95,30.253126
2025-11-17 13:00:00+05:30,25.7,28.833717
2025-11-17 14:00:00+05:30,26.0,28.228289
2025-11-17 15:00:00+05:30,25.8,28.663273
2025-11-17 16:00:00+05:30,25.05,30.490244
2025-11-17 17:00:00+05:30,22.65,42.615322
2025-11-17 18:00:00+05:30,22.0,43.009754
2025-11-17 19:00:00+05:30,21.25,44.725212
2025-11-17 20:00:00+05:30,20.4,47.928383
2025-11-17 21:00:00+05:30,19.55,51.549747
2025-11-17 22:00:00+05:30,18.8,55.300686
2025-11-17 23:00:00+05:30,17.65,60.241413
2025-11-18 00:00:00+05:30,16.55,63.51188
2025-11-18 01:00:00+05:30,15.95,65.76574
2025-11-18 02:00:00+05:30,15.5,66.78299
2025-11-18 03:00:00+05:30,15.1,67.83166
2025-11-18 04:00:00+05:30,14.15,71.63533
2025-11-18 05:00:00+05:30,14.45,70.258644
2025-11-18 06:00:00+05:30,13.5,74.22104
2025-11-18 07:00:00+05:30,13.55,73.979935
2025-11-18 08:00:00+05:30,15.3,67.64513
2025-11-18 09:00:00+05:30,17.95,57.936886
2025-11-18 10:00:00+05:30,20.75,47.862823
2025-11-18 11:00:00+05:30,23.35,40.165703
2025-11-18 12:00:00+05:30,24.9,34.31954
2025-11-18 13:00:00+05:30,25.55,33.58191
2025-11-18 14:00:00+05:30,25.8,33.995434
2025-11-18 15:00:00+05:30,25.65,35.714783
2025-11-18 16:00:00+05:30,24.85,40.99589
2025-11-18 17:00:00+05:30,22.6,53.74263
2025-11-18 18:00:00+05:30,21.85,58.69245
2025-11-18 19:00:00+05:30,21.35,60.910435
2025-11-18 20:00:00+05:30,20.9,62.616417
2025-11-18 21:00:00+05:30,19.9,65.74099
2025-11-18 22:00:00+05:30,18.45,70.33092
2025-11-18 23:00:00+05:30,17.1,77.32542
2025-11-19 00:00:00+05:30,16.2,80.284676
2025-11-19 01:00:00+05:30,15.55,82.60036
2025-11-19 02:00:00+05:30,15.15,83.09549
2025-11-19 03:00:00+05:30,14.65,83.5847
2025-11-19 04:00:00+05:30,14.15,83.250145
2025-11-19 05:00:00+05:30,13.6,83.73894
2025-11-19 06:00:00+05:30,13.25,83.41977
2025-11-19 07:00:00+05:30,13.75,79.41331
2025-11-19 08:00:00+05:30,15.65,71.4375
2025-11-19 09:00:00+05:30,18.7,59.492897
2025-11-19 10:00:00+05:30,21.7,50.08408
2025-11-19 11:00:00+05:30,23.95,45.774914
2025-11-19 12:00:00+05:30,25.25,40.29722
2025-11-19 13:00:00+05:30,25.85,38.245247
2025-11-19 14:00:00+05:30,26.0,37.280422
2025-11-19 15:00:00+05:30,25.75,37.45948
2025-11-19 16:00:00+05:30,25.1,39.590153
2025-11-19 17:00:00+05:30,23.4,47.94538
2025-11-19 18:00:00+05:30,22.45,55.671272
2025-11-19 19:00:00+05:30,21.8,59.063934
2025-11-19 20:00:00+05:30,21.1,62.86534
2025-11-19 21:00:00+05:30,20.4,64.1561
2025-11-19 22:00:00+05:30,19.95,65.32436
2025-11-19 23:00:00+05:30,18.8,71.32092
2025-11-20 00:00:00+05:30,18.1,73.31422
2025-11-20 01:00:00+05:30,17.35,76.11256
2025-11-20 02:00:00+05:30,16.35,79.78176
2025-11-20 03:00:00+05:30,15.95,79.464485
2025-11-20 04:00:00+05:30,15.3,80.69076
2025-11-20 05:00:00+05:30,14.4,84.94493
2025-11-20 06:00:00+05:30,14.05,85.46975
2025-11-20 07:00:00+05:30,14.35,83.82592
2025-11-20 08:00:00+05:30,16.2,76.42818
2025-11-20 09:00:00+05:30,19.2,65.16314
2025-11-20 10:00:00+05:30,22.2,53.81645
2025-11-20 11:00:00+05:30,24.35,46.035946
2025-11-20 12:00:00+05:30,25.55,42.01679
2025-11-20 13:00:00+05:30,26.0,40.50746
2025-11-20 14:00:00+05:30,26.05,40.25454
2025-11-20 15:00:00+05:30,25.7,41.09781
2025-11-20 16:00:00+05:30,24.95,43.257565
2025-11-20 17:00:00+05:30,23.4,49.713463
2025-11-20 18:00:00+05:30,22.0,57.404415
2025-11-20 19:00:00+05:30,20.95,61.817387
2025-11-20 20:00:00+05:30,20.55,63.358463
2025-11-20 21:00:00+05:30,20.05,65.559006
2025-11-20 22:00:00+05:30,19.2,68.43938
2025-11-20 23:00:00+05:30,18.25,72.154785
2025-11-21 00:00:00+05:30,17.45,73.43975
2025-11-21 01:00:00+05:30,16.8,74.78654
2025-11-21 02:00:00+05:30,16.4,74.718925
2025-11-21 03:00:00+05:30,16.15,74.43033
2025-11-21 04:00:00+05:30,15.85,74.87286
2025-11-21 05:00:00+05:30,15.1,78.04184
2025-11-21 06:00:00+05:30,14.5,80.58239
2025-11-21 07:00:00+05:30,15.0,79.066956
2025-11-21 08:00:00+05:30,17.65,69.259415
2025-11-21 09:00:00+05:30,20.5,61.714336
2025-11-21 10:00:00+05:30,22.8,54.85789
2025-11-21 11:00:00+05:30,24.45,45.761063
2025-11-21 12:00:00+05:30,25.6,39.99547
2025-11-21 13:00:00+05:30,26.05,38.301563
2025-11-21 14:00:00+05:30,26.15,37.9493
2025-11-21 15:00:00+05:30,25.95,37.89297
2025-11-21 16:00:00+05:30,25.4,39.280365
2025-11-21 17:00:00+05:30,23.5,50.396965
2025-11-21 18:00:00+05:30,22.9,55.06219
2025-11-21 19:00:00+05:30,21.55,57.482014
2025-11-21 20:00:00+05:30,20.6,60.735977
2025-11-21 21:00:00+05:30,20.1,62.435577
2025-11-21 22:00:00+05:30,19.3,66.477646
2025-11-21 23:00:00+05:30,18.55,71.974594
2025-11-22 00:00:00+05:30,18.15,72.8464
2025-11-22 01:00:00+05:30,17.8,73.98281
2025-11-22 02:00:00+05:30,17.35,75.617035
2025-11-22 03:00:00+05:30,16.7,77.77116
2025-11-22 04:00:00+05:30,15.85,80.236664
2025-11-22 05:00:00+05:30,14.8,84.431335
2025-11-22 06:00:00+05:30,14.1,86.895836
2025-11-22 07:00:00+05:30,14.35,86.066086
2025-11-22 08:00:00+05:30,16.65,75.75046
2025-11-22 09:00:00+05:30,20.0,63.44303
2025-11-22 10:00:00+05:30,22.85,51.057823
2025-11-22 11:00:00+05:30,24.55,37.497437
2025-11-22 12:00:00+05:30,25.65,32.04963
2025-11-22 13:00:00+05:30,26.05,30.04288
2025-11-22 14:00:00+05:30,26.15,29.459442
2025-11-22 15:00:00+05:30,25.75,28.947111
2025-11-22 16:00:00+05:30,25.0,30.371517
2025-11-22 17:00:00+05:30,22.65,42.902855
2025-11-22 18:00:00+05:30,21.75,46.39683
2025-11-22 19:00:00+05:30,21.35,47.5464
2025-11-22 20:00:00+05:30,20.75,49.829468
2025-11-22 21:00:00+05:30,20.1,51.35024
2025-11-22 22:00:00+05:30,19.4,52.736866
2025-11-22 23:00:00+05:30,18.95,55.71077
2025-11-23 00:00:00+05:30,17.75,59.463245
2025-11-23 01:00:00+05:30,16.95,63.38936
2025-11-23 02:00:00+05:30,16.05,67.57369
2025-11-23 03:00:00+05:30,14.55,74.154465
2025-11-23 04:00:00+05:30,13.65,78.0823
2025-11-23 05:00:00+05:30,13.2,82.03385
2025-11-23 06:00:00+05:30,13.15,81.75382
2025-11-23 07:00:00+05:30,13.5,79.64329
2025-11-23 08:00:00+05:30,15.75,69.575294
2025-11-23 09:00:00+05:30,19.25,57.294846
2025-11-23 10:00:00+05:30,22.1,46.183285
2025-11-23 11:00:00+05:30,24.0,38.885086
2025-11-23 12:00:00+05:30,25.5,31.465906
2025-11-23 13:00:00+05:30,25.9,28.98872
2025-11-23 14:00:00+05:30,25.9,27.813824
2025-11-23 15:00:00+05:30,25.4,28.849993
2025-11-23 16:00:00+05:30,24.4,32.9171
2025-11-23 17:00:00+05:30,22.3,42.230976
2025-11-23 18:00:00+05:30,21.45,46.31411
2025-11-23 19:00:00+05:30,20.35,51.588795
2025-11-23 20:00:00+05:30,19.35,56.185535
2025-11-23 21:00:00+05:30,18.35,60.20654
2025-11-23 22:00:00+05:30,17.75,62.728474
2025-11-23 23:00:00+05:30,17.15,66.46345
2025-11-24 00:00:00+05:30,16.3,68.991394
2025-11-24 01:00:00+05:30,15.7,70.97236
2025-11-24 02:00:00+05:30,14.75,74.93578
2025-11-24 03:00:00+05:30,13.85,78.636284
2025-11-24 04:00:00+05:30,13.15,81.20893
2025-11-24 05:00:00+05:30,12.35,87.89289
2025-11-24 06:00:00+05:30,12.2,87.87951
2025-11-24 07:00:00+05:30,12.7,84.47666
2025-11-24 08:00:00+05:30,14.7,74.67765
2025-11-24 09:00:00+05:30,17.75,62.31186
2025-11-24 10:00:00+05:30,20.55,51.9875
2025-11-24 11:00:00+05:30,22.75,42.07349
2025-11-24 12:00:00+05:30,24.15,35.773018
2025-11-24 13:00:00+05:30,24.8,31.376759
2025-11-24 14:00:00+05:30,25.0,29.545246
2025-11-24 15:00:00+05:30,24.75,29.170887
2025-11-24 16:00:00+05:30,23.9,31.339153
2025-11-24 17:00:00+05:30,21.45,44.329884
2025-11-24 18:00:00+05:30,20.65,47.036293
2025-11-24 19:00:00+05:30,20.0,48.962845
2025-11-24 20:00:00+05:30,19.0,52.27827
2025-11-24 21:00:00+05:30,18.05,55.482143
2025-11-24 22:00:00+05:30,17.15,58.32702
2025-11-24 23:00:00+05:30,16.35,63.04144
2025-11-25 00:00:00+05:30,15.3,65.62527
2025-11-25 01:00:00+05:30,14.45,67.468414
2025-11-25 02:00:00+05:30,13.55,71.5224
2025-11-25 03:00:00+05:30,12.8,74.60275
2025-11-25 04:00:00+05:30,12.2,77.0734
2025-11-25 05:00:00+05:30,11.55,82.37698
2025-11-25 06:00:00+05:30,11.35,82.631004
2025-11-25 07:00:00+05:30,11.8,79.93912
2025-11-25 08:00:00+05:30,13.7,71.55069
2025-11-25 09:00:00+05:30,16.65,59.397705
2025-11-25 10:00:00+05:30,19.5,49.827816
2025-11-25 11:00:00+05:30,21.9,41.975754
2025-11-25 12:00:00+05:30,23.25,35.883152
2025-11-25 13:00:00+05:30,23.8,34.83173
2025-11-25 14:00:00+05:30,23.95,34.40125
2025-11-25 15:00:00+05:30,23.6,34.06734
2025-11-25 16:00:00+05:30,22.8,35.388554
2025-11-25 17:00:00+05:30,20.65,43.50979
2025-11-25 18:00:00+05:30,19.95,45.742577
2025-11-25 19:00:00+05:30,18.9,50.514763
2025-11-25 20:00:00+05:30,17.8,55.418358
2025-11-25 21:00:00+05:30,16.85,59.64696
2025-11-25 22:00:00+05:30,16.0,62.96174
2025-11-25 23:00:00+05:30,15.25,67.63476
2025-11-26 00:00:00+05:30,14.75,67.303215
2025-11-26 01:00:00+05:30,14.1,69.482185
2025-11-26 02:00:00+05:30,13.25,73.181046
2025-11-26 03:00:00+05:30,12.5,76.34181
2025-11-26 04:00:00+05:30,11.85,79.406555
2025-11-26 05:00:00+05:30,11.35,85.18249
2025-11-26 06:00:00+05:30,11.15,85.73801
2025-11-26 07:00:00+05:30,11.5,83.491776
2025-11-26 08:00:00+05:30,13.45,74.21233
2025-11-26 09:00:00+05:30,16.45,62.012215
2025-11-26 10:00:00+05:30,19.3,51.483334
2025-11-26 11:00:00+05:30,21.15,42.625263
2025-11-26 12:00:00+05:30,22.85,35.160507
2025-11-26 13:00:00+05:30,23.6,32.02056
2025-11-26 14:00:00+05:30,23.85,30.57495
2025-11-26 15:00:00+05:30,23.7,30.53271
2025-11-26 16:00:00+05:30,22.85,32.930588
2025-11-26 17:00:00+05:30,20.55,45.291557
2025-11-26 18:00:00+05:30,19.6,46.114132
2025-11-26 19:00:00+05:30,18.75,51.16331
2025-11-26 20:00:00+05:30,18.35,51.754208
2025-11-26 21:00:00+05:30,17.6,54.06946
2025-11-26 22:00:00+05:30,17.2,56.400578
2025-11-26 23:00:00+05:30,16.35,59.728153
2025-11-27 00:00:00+05:30,15.85,60.83386
2025-11-27 01:00:00+05:30,15.55,62.01289
2025-11-27 02:00:00+05:30,14.75,64.84276
2025-11-27 03:00:00+05:30,14.0,67.37434
2025-11-27 04:00:00+05:30,13.35,70.28184
2025-11-27 05:00:00+05:30,13.3,70.751144
2025-11-27 06:00:00+05:30,12.75,74.09004
2025-11-27 07:00:00+05:30,12.55,77.38992
2025-11-27 08:00:00+05:30,14.5,70.505356
2025-11-27 09:00:00+05:30,17.35,58.968746
2025-11-27 10:00:00+05:30,19.9,46.829346
2025-11-27 11:00:00+05:30,21.6,35.166935
2025-11-27 12:00:00+05:30,23.15,31.235622
2025-11-27 13:00:00+05:30,24.0,29.367939
2025-11-27 14:00:00+05:30,24.4,28.572123
2025-11-27 15:00:00+05:30,24.25,28.930613
2025-11-27 16:00:00+05:30,23.45,32.08884
2025-11-27 17:00:00+05:30,21.25,45.79399
2025-11-27 18:00:00+05:30,20.3,48.8795
2025-11-27 19:00:00+05:30,19.3,53.963684
2025-11-27 20:00:00+05:30,18.55,58.47366
2025-11-27 21:00:00+05:30,17.7,62.092957
2025-11-27 22:00:00+05:30,16.85,66.39997
2025-11-27 23:00:00+05:30,16.15,70.822044
2025-11-28 00:00:00+05:30,15.25,73.782936
2025-11-28 01:00:00+05:30,14.65,75.16934
2025-11-28 02:00:00+05:30,14.15,76.09736
2025-11-28 03:00:00+05:30,13.4,79.0977
2025-11-28 04:00:00+05:30,12.5,83.89068
2025-11-28 05:00:00+05:30,11.8,87.54994
2025-11-28 06:00:00+05:30,11.45,87.517784
2025-11-28 07:00:00+05:30,12.05,83.83838
2025-11-28 08:00:00+05:30,14.15,72.60643
2025-11-28 09:00:00+05:30,16.7,62.698715
2025-11-28 10:00:00+05:30,19.3,52.533745
2025-11-28 11:00:00+05:30,21.75,43.523884
2025-11-28 12:00:00+05:30,23.6,36.22884
2025-11-28 13:00:00+05:30,24.55,31.849108
2025-11-28 14:00:00+05:30,25.2,30.011772
2025-11-28 15:00:00+05:30,25.2,29.195288
2025-11-28 16:00:00+05:30,24.3,32.552177
2025-11-28 17:00:00+05:30,20.8,53.99056
2025-11-28 18:00:00+05:30,20.45,52.483868
2025-11-28 19:00:00+05:30,19.8,54.2736
2025-11-28 20:00:00+05:30,19.1,57.067146
2025-11-28 21:00:00+05:30,18.35,60.20654
2025-11-28 22:00:00+05:30,17.55,63.736145
2025-11-28 23:00:00+05:30,16.45,70.87911
2025-11-29 00:00:00+05:30,15.9,71.01034
2025-11-29 01:00:00+05:30,15.45,71.16201
2025-11-29 02:00:00+05:30,14.95,71.78492
2025-11-29 03:00:00+05:30,14.65,71.488625
2025-11-29 04:00:00+05:30,14.35,70.9528
2025-11-29 05:00:00+05:30,13.85,72.79658
2025-11-29 06:00:00+05:30,13.65,73.006195
2025-11-29 07:00:00+05:30,13.7,73.01523
2025-11-29 08:00:00+05:30,15.1,68.289696
2025-11-29 09:00:00+05:30,17.4,59.98024
2025-11-29 10:00:00+05:30,20.1,49.32121
2025-11-29 11:00:00+05:30,22.95,41.010338
2025-11-29 12:00:00+05:30,25.05,32.319794
2025-11-29 13:00:00+05:30,25.9,30.414675
2025-11-29 14:00:00+05:30,25.85,32.10584
2025-11-29 15:00:00+05:30,25.4,34.11287
2025-11-29 16:00:00+05:30,24.5,35.509426
2025-11-29 17:00:00+05:30,22.45,41.70647
2025-11-29 18:00:00+05:30,21.5,44.49377
2025-11-29 19:00:00+05:30,20.5,47.153904
2025-11-29 20:00:00+05:30,19.45,49.814312
2025-11-29 21:00:00+05:30,18.55,51.632225
2025-11-29 22:00:00+05:30,17.65,52.991684
2025-11-29 23:00:00+05:30,16.55,58.376846
2025-11-30 00:00:00+05:30,16.1,56.893185
2025-11-30 01:00:00+05:30,15.05,57.807053
2025-11-30 02:00:00+05:30,13.95,60.172485
2025-11-30 03:00:00+05:30,13.35,60.443935
2025-11-30 04:00:00+05:30,12.8,61.366455
2025-11-30 05:00:00+05:30,12.45,67.97551
2025-11-30 06:00:00+05:30,11.7,71.17029
2025-11-30 07:00:00+05:30,11.85,70.71193
2025-11-30 08:00:00+05:30,13.4,64.76475
2025-11-30 09:00:00+05:30,15.8,55.85357
2025-11-30 10:00:00+05:30,18.45,46.586304
2025-11-30 11:00:00+05:30,21.15,37.681427
2025-11-30 12:00:00+05:30,23.0,31.630033
2025-11-30 13:00:00+05:30,23.55,30.916973
2025-11-30 14:00:00+05:30,23.4,30.982063
2025-11-30 15:00:00+05:30,23.2,30.92555
2025-11-30 16:00:00+05:30,22.45,32.36359
2025-11-30 17:00:00+05:30,20.4,38.652355
2025-11-30 18:00:00+05:30,19.5,41.723656
2025-11-30 19:00:00+05:30,18.3,44.814716
2025-11-30 20:00:00+05:30,17.15,47.356842
2025-11-30 21:00:00+05:30,16.45,47.655872
2025-11-30 22:00:00+05:30,15.65,47.76528
2025-11-30 23:00:00+05:30,15.05,50.689762
2025-12-01 00:00:00+05:30,13.9,50.730785
2025-12-01 01:00:00+05:30,13.15,53.268173
2025-12-01 02:00:00+05:30,12.6,55.413616
2025-12-01 03:00:00+05:30,12.1,57.869656
2025-12-01 04:00:00+05:30,11.6,60.441586
2025-12-01 05:00:00+05:30,10.95,69.32577
2025-12-01 06:00:00+05:30,10.2,72.62421
2025-12-01 07:00:00+05:30,9.95,75.398834
2025-12-01 08:00:00+05:30,12.2,65.16953
2025-12-01 09:00:00+05:30,15.2,53.997612
2025-12-01 10:00:00+05:30,18.05,43.976536
2025-12-01 11:00:00+05:30,21.1,34.41874
2025-12-01 12:00:00+05:30,23.15,28.124935
2025-12-01 13:00:00+05:30,24.05,25.899965
2025-12-01 14:00:00+05:30,24.3,25.69509
2025-12-01 15:00:00+05:30,24.0,27.289896
2025-12-01 16:00:00+05:30,23.1,30.469687
2025-12-01 17:00:00+05:30,20.8,40.261623
2025-12-01 18:00:00+05:30,19.95,42.722794
2025-12-01 19:00:00+05:30,18.75,46.990257
2025-12-01 20:00:00+05:30,17.85,51.095978
2025-12-01 21:00:00+05:30,17.1,54.864994
2025-12-01 22:00:00+05:30,16.3,57.5279
2025-12-01 23:00:00+05:30,15.85,60.62791
2025-12-02 00:00:00+05:30,14.85,64.645226
2025-12-02 01:00:00+05:30,14.1,68.780304
2025-12-02 02:00:00+05:30,13.55,69.60855
2025-12-02 03:00:00+05:30,13.4,69.10702
2025-12-02 04:00:00+05:30,13.15,69.29243
2025-12-02 05:00:00+05:30,12.8,73.59785
2025-12-02 06:00:00+05:30,12.65,72.330795
2025-12-02 07:00:00+05:30,12.85,71.147224
2025-12-02 08:00:00+05:30,15.0,61.464527
2025-12-02 09:00:00+05:30,17.95,50.60268
2025-12-02 10:00:00+05:30,20.75,43.095684
2025-12-02 11:00:00+05:30,22.8,45.76232
2025-12-02 12:00:00+05:30,24.2,46.29903
2025-12-02 13:00:00+05:30,24.85,44.82717
2025-12-02 14:00:00+05:30,25.2,42.337196
2025-12-02 15:00:00+05:30,25.0,41.03796
2025-12-02 16:00:00+05:30,24.2,44.06053
2025-12-02 17:00:00+05:30,21.8,52.488247
2025-12-02 18:00:00+05:30,20.9,51.21961
2025-12-02 19:00:00+05:30,19.8,50.927055
2025-12-02 20:00:00+05:30,18.6,55.06435
2025-12-02 21:00:00+05:30,18.05,56.045837
2025-12-02 22:00:00+05:30,16.7,59.00958
2025-12-02 23:00:00+05:30,15.75,64.84391
2025-12-03 00:00:00+05:30,14.4,67.45799
2025-12-03 01:00:00+05:30,13.65,66.84374
2025-12-03 02:00:00+05:30,12.75,67.57301
2025-12-03 03:00:00+05:30,12.05,68.83354
2025-12-03 04:00:00+05:30,11.3,70.60482
2025-12-03 05:00:00+05:30,10.75,77.105896
2025-12-03 06:00:00+05:30,10.25,78.90199
2025-12-03 07:00:00+05:30,10.35,78.37713
2025-12-03 08:00:00+05:30,12.45,68.67899
2025-12-03 09:00:00+05:30,15.1,58.617603
2025-12-03 10:00:00+05:30,17.85,48.875122
2025-12-03 11:00:00+05:30,20.15,40.075813
2025-12-03 12:00:00+05:30,21.7,34.351498
2025-12-03 13:00:00+05:30,22.55,30.420734
2025-12-03 14:00:00+05:30,22.85,28.53964
2025-12-03 15:00:00+05:30,22.4,30.484974
2025-12-03 16:00:00+05:30,21.4,33.90931
2025-12-03 17:00:00+05:30,19.45,40.995243
2025-12-03 18:00:00+05:30,18.8,44.801266
2025-12-03 19:00:00+05:30,17.75,49.352623
2025-12-03 20:00:00+05:30,16.8,52.407196
2025-12-03 21:00:00+05:30,15.8,54.904068
2025-12-03 22:00:00+05:30,14.9,57.373886
2025-12-03 23:00:00+05:30,13.9,62.908638
2025-12-04 00:00:00+05:30,12.9,66.22793
2025-12-04 01:00:00+05:30,12.0,68.82335
2025-12-04 02:00:00+05:30,11.5,69.67665
2025-12-04 03:00:00+05:30,11.1,70.80988
2025-12-04 04:00:00+05:30,10.65,72.20653
2025-12-04 05:00:00+05:30,10.05,74.896095
2025-12-04 06:00:00+05:30,9.75,75.36486
2025-12-04 07:00:00+05:30,9.85,74.34443
2025-12-04 08:00:00+05:30,11.4,68.227066
2025-12-04 09:00:00+05:30,13.75,59.50484
2025-12-04 10:00:00+05:30,16.4,50.530357
2025-12-04 11:00:00+05:30,19.15,43.532978
2025-12-04 12:00:00+05:30,20.75,38.221554
2025-12-04 13:00:00+05:30,21.6,34.44232
2025-12-04 14:00:00+05:30,21.85,32.19265
2025-12-04 15:00:00+05:30,21.5,33.351524
2025-12-04 16:00:00+05:30,20.6,35.61772
2025-12-04 17:00:00+05:30,18.25,44.49225
2025-12-04 18:00:00+05:30,17.5,46.965534
2025-12-04 19:00:00+05:30,16.55,51.096306
2025-12-04 20:00:00+05:30,15.7,53.942657
2025-12-04 21:00:00+05:30,14.75,55.96921
2025-12-04 22:00:00+05:30,13.95,57.531395
2025-12-04 23:00:00+05:30,13.45,62.37417
2025-12-05 00:00:00+05:30,12.3,64.9668
2025-12-05 01:00:00+05:30,11.5,66.84491
2025-12-05 02:00:00+05:30,10.9,68.12315
2025-12-05 03:00:00+05:30,10.15,70.3791
2025-12-05 04:00:00+05:30,9.45,73.50245
2025-12-05 05:00:00+05:30,8.85,79.51569
2025-12-05 06:00:00+05:30,8.6,80.590546
2025-12-05 07:00:00+05:30,8.65,80.31848
2025-12-05 08:00:00+05:30,10.5,71.1851
2025-12-05 09:00:00+05:30,13.65,58.86652
2025-12-05 10:00:00+05:30,16.75,46.593895
2025-12-05 11:00:00+05:30,19.25,37.789753
2025-12-05 12:00:00+05:30,20.8,30.568653
2025-12-05 13:00:00+05:30,21.5,29.387104
2025-12-05 14:00:00+05:30,21.8,30.744715
2025-12-05 15:00:00+05:30,21.65,33.16239
2025-12-05 16:00:00+05:30,20.75,37.307423
2025-12-05 17:00:00+05:30,18.95,43.776886
2025-12-05 18:00:00+05:30,18.15,47.63429
2025-12-05 19:00:00+05:30,17.3,50.94811
2025-12-05 20:00:00+05:30,16.15,55.75217
2025-12-05 21:00:00+05:30,15.1,60.037685
2025-12-05 22:00:00+05:30,14.4,62.16812
2025-12-05 23:00:00+05:30,13.5,66.58416
2025-12-06 00:00:00+05:30,12.85,66.44486
2025-12-06 01:00:00+05:30,12.3,66.78516
2025-12-06 02:00:00+05:30,11.8,67.60625
2025-12-06 03:00:00+05:30,11.3,68.680176
2025-12-06 04:00:00+05:30,10.9,70.03999
2025-12-06 05:00:00+05:30,10.45,75.22385
2025-12-06 06:00:00+05:30,10.2,75.70203
2025-12-06 07:00:00+05:30,10.4,74.1843
2025-12-06 08:00:00+05:30,11.9,67.62725
2025-12-06 09:00:00+05:30,14.2,58.39501
2025-12-06 10:00:00+05:30,16.8,48.923283
2025-12-06 11:00:00+05:30,19.7,42.069313
2025-12-06 12:00:00+05:30,21.9,35.497433
2025-12-06 13:00:00+05:30,23.1,32.100685
2025-12-06 14:00:00+05:30,23.55,31.676067
2025-12-06 15:00:00+05:30,23.05,34.262867
2025-12-06 16:00:00+05:30,22.05,35.786404
2025-12-06 17:00:00+05:30,20.15,42.05281
2025-12-06 18:00:00+05:30,19.35,41.825005
2025-12-06 19:00:00+05:30,18.3,42.69546
2025-12-06 20:00:00+05:30,17.55,43.83451
2025-12-06 21:00:00+05:30,16.45,47.161655
2025-12-06 22:00:00+05:30,15.85,49.514412
2025-12-06 23:00:00+05:30,15.1,54.3457
2025-12-07 00:00:00+05:30,14.45,57.063324
2025-12-07 01:00:00+05:30,13.75,59.91708
2025-12-07 02:00:00+05:30,13.15,62.519554
2025-12-07 03:00:00+05:30,12.7,65.055565
2025-12-07 04:00:00+05:30,12.3,67.478546
2025-12-07 05:00:00+05:30,11.4,72.84519
2025-12-07 06:00:00+05:30,10.75,76.05484
2025-12-07 07:00:00+05:30,10.7,76.046585
2025-12-07 08:00:00+05:30,12.1,70.2769
2025-12-07 09:00:00+05:30,14.55,60.940006
2025-12-07 10:00:00+05:30,17.35,51.840397
2025-12-07 11:00:00+05:30,20.25,44.294243
2025-12-07 12:00:00+05:30,22.4,38.561726
2025-12-07 13:00:00+05:30,23.65,35.388515
2025-12-07 14:00:00+05:30,24.1,35.39585
2025-12-07 15:00:00+05:30,23.7,37.764683
2025-12-07 16:00:00+05:30,22.7,41.49622
2025-12-07 17:00:00+05:30,20.8,49.179665
2025-12-07 18:00:00+05:30,20.25,51.562325
2025-12-07 19:00:00+05:30,19.3,54.69144
2025-12-07 20:00:00+05:30,18.25,57.816715
2025-12-07 21:00:00+05:30,17.35,59.76718
2025-12-07 22:00:00+05:30,16.6,61.21709
2025-12-07 23:00:00+05:30,15.9,63.151707
2025-12-08 00:00:00+05:30,15.15,64.27502
2025-12-08 01:00:00+05:30,14.95,62.721275
2025-12-08 02:00:00+05:30,14.55,62.41575
2025-12-08 03:00:00+05:30,14.2,62.762592
2025-12-08 04:00:00+05:30,13.7,64.60993
2025-12-08 05:00:00+05:30,12.8,69.2221
2025-12-08 06:00:00+05:30,12.2,72.00092
2025-12-08 07:00:00+05:30,12.05,72.71499
2025-12-08 08:00:00+05:30,13.45,67.488686
2025-12-08 09:00:00+05:30,15.75,59.1791
2025-12-08 10:00:00+05:30,18.55,49.06658
2025-12-08 11:00:00+05:30,21.5,41.43776
2025-12-08 12:00:00+05:30,23.6,36.476322
2025-12-08 13:00:00+05:30,24.85,32.373943
2025-12-08 14:00:00+05:30,25.2,30.637308
2025-12-08 15:00:00+05:30,24.7,32.000957
2025-12-08 16:00:00+05:30,23.65,34.90823
2025-12-08 17:00:00+05:30,21.75,42.07581
2025-12-08 18:00:00+05:30,20.65,47.35454
2025-12-08 19:00:00+05:30,19.5,50.33508
2025-12-08 20:00:00+05:30,18.55,51.109825
2025-12-08 21:00:00+05:30,17.7,51.757023
2025-12-08 22:00:00+05:30,16.8,52.767353
2025-12-08 23:00:00+05:30,15.9,56.070717
2025-12-09 00:00:00+05:30,14.95,58.180138
2025-12-09 01:00:00+05:30,14.3,60.05029
2025-12-09 02:00:00+05:30,13.65,62.85105
2025-12-09 03:00:00+05:30,13.2,65.1661
2025-12-09 04:00:00+05:30,12.8,67.12165
2025-12-09 05:00:00+05:30,12.1,70.51831
2025-12-09 06:00:00+05:30,11.7,72.40209
2025-12-09 07:00:00+05:30,11.6,72.88178
2025-12-09 08:00:00+05:30,12.8,68.2815
2025-12-09 09:00:00+05:30,15.1,60.243004
2025-12-09 10:00:00+05:30,17.9,50.589214
2025-12-09 11:00:00+05:30,20.8,44.448486
2025-12-09 12:00:00+05:30,22.85,37.908306
2025-12-09 13:00:00+05:30,24.1,32.83214
2025-12-09 14:00:00+05:30,24.45,31.278214
2025-12-09 15:00:00+05:30,24.05,33.500355
2025-12-09 16:00:00+05:30,23.1,37.594013
2025-12-09 17:00:00+05:30,20.95,45.71076
2025-12-09 18:00:00+05:30,20.3,49.209564
2025-12-09 19:00:00+05:30,19.35,51.496616
2025-12-09 20:00:00+05:30,18.7,52.199005
2025-12-09 21:00:00+05:30,18.15,52.943413
2025-12-09 22:00:00+05:30,17.45,54.955124
2025-12-09 23:00:00+05:30,16.5,57.96995
2025-12-10 00:00:00+05:30,15.3,62.1655
2025-12-10 01:00:00+05:30,14.7,64.17448
2025-12-10 02:00:00+05:30,14.15,66.27068
2025-12-10 03:00:00+05:30,13.6,68.21324
2025-12-10 04:00:00+05:30,13.15,70.00408
2025-12-10 05:00:00+05:30,12.55,71.33281
2025-12-10 06:00:00+05:30,12.1,73.22253
2025-12-10 07:00:00+05:30,11.75,74.93088
2025-12-10 08:00:00+05:30,12.95,69.72646
2025-12-10 09:00:00+05:30,15.15,61.49981
2025-12-10 10:00:00+05:30,17.9,51.9869
2025-12-10 11:00:00+05:30,20.7,43.82094
2025-12-10 12:00:00+05:30,22.65,38.110294
2025-12-10 13:00:00+05:30,23.65,35.509495
2025-12-10 14:00:00+05:30,24.05,35.021973
2025-12-10 15:00:00+05:30,23.7,38.279293
2025-12-10 16:00:00+05:30,22.8,42.944912
2025-12-10 17:00:00+05:30,20.4,53.887615
2025-12-10 18:00:00+05:30,20.25,52.606808
2025-12-10 19:00:00+05:30,19.4,54.71706
2025-12-10 20:00:00+05:30,18.4,57.660374
2025-12-10 21:00:00+05:30,17.6,60.229504
2025-12-10 22:00:00+05:30,17.0,60.90029
2025-12-10 23:00:00+05:30,16.55,60.99938
2025-12-11 00:00:00+05:30,15.2,63.63625
2025-12-11 01:00:00+05:30,14.15,68.09498
2025-12-11 02:00:00+05:30,13.15,72.669014
2025-12-11 03:00:00+05:30,12.4,76.32555
2025-12-11 04:00:00+05:30,12.05,77.57425
2025-12-11 05:00:00+05:30,11.1,84.8681
2025-12-11 06:00:00+05:30,10.75,85.98683
2025-12-11 07:00:00+05:30,10.75,85.11753
2025-12-11 08:00:00+05:30,12.4,76.06726
2025-12-11 09:00:00+05:30,15.15,64.493004
2025-12-11 10:00:00+05:30,18.25,52.079823
2025-12-11 11:00:00+05:30,21.45,43.734634
2025-12-11 12:00:00+05:30,23.45,36.807655
2025-12-11 13:00:00+05:30,24.4,33.599594
2025-12-11 14:00:00+05:30,24.65,32.987827
2025-12-11 15:00:00+05:30,24.25,34.135296
2025-12-11 16:00:00+05:30,23.35,38.179874
2025-12-11 17:00:00+05:30,20.7,52.02695
2025-12-11 18:00:00+05:30,20.0,55.053246
2025-12-11 19:00:00+05:30,19.05,59.18245
2025-12-11 20:00:00+05:30,18.2,62.001465
2025-12-11 21:00:00+05:30,17.5,64.36448
2025-12-11 22:00:00+05:30,17.05,65.12828
2025-12-11 23:00:00+05:30,16.85,65.95898
2025-12-12 00:00:00+05:30,15.35,71.143074
2025-12-12 01:00:00+05:30,13.95,77.09014
2025-12-12 02:00:00+05:30,13.15,80.39759
2025-12-12 03:00:00+05:30,12.4,83.03941
2025-12-12 04:00:00+05:30,11.75,84.93944
2025-12-12 05:00:00+05:30,11.2,88.38228
2025-12-12 06:00:00+05:30,10.5,89.82597
2025-12-12 07:00:00+05:30,10.35,90.42319
2025-12-12 08:00:00+05:30,12.15,81.62381
2025-12-12 09:00:00+05:30,15.25,68.55016
2025-12-12 10:00:00+05:30,18.35,56.310463
2025-12-12 11:00:00+05:30,20.95,47.43685
2025-12-12 12:00:00+05:30,22.85,39.619633
2025-12-12 13:00:00+05:30,23.85,34.608677
2025-12-12 14:00:00+05:30,24.35,31.574625
2025-12-12 15:00:00+05:30,24.3,30.807796
2025-12-12 16:00:00+05:30,23.45,34.49488
2025-12-12 17:00:00+05:30,20.95,48.078636
2025-12-12 18:00:00+05:30,19.9,53.044857
2025-12-12 19:00:00+05:30,19.1,57.448837
2025-12-12 20:00:00+05:30,18.4,61.22861
2025-12-12 21:00:00+05:30,17.9,63.1814
2025-12-12 22:00:00+05:30,17.15,66.24294
2025-12-12 23:00:00+05:30,16.35,69.461975
2025-12-13 00:00:00+05:30,15.25,74.771286
2025-12-13 01:00:00+05:30,14.3,79.75667
2025-12-13 02:00:00+05:30,13.85,81.57239
2025-12-13 03:00:00+05:30,13.65,81.81834
2025-12-13 04:00:00+05:30,13.35,82.602
2025-12-13 05:00:00+05:30,13.05,82.0147
2025-12-13 06:00:00+05:30,12.75,82.80425
2025-12-13 07:00:00+05:30,12.7,83.633675
2025-12-13 08:00:00+05:30,14.05,79.456314
2025-12-13 09:00:00+05:30,16.5,69.031296
2025-12-13 10:00:00+05:30,19.3,57.881893
2025-12-13 11:00:00+05:30,21.35,51.852486
2025-12-13 12:00:00+05:30,23.05,44.329327
2025-12-13 13:00:00+05:30,24.0,40.079514
2025-12-13 14:00:00+05:30,24.5,37.357117
2025-12-13 15:00:00+05:30,24.4,36.827934
2025-12-13 16:00:00+05:30,23.75,38.68348
2025-12-13 17:00:00+05:30,21.0,52.27922
2025-12-13 18:00:00+05:30,20.2,56.585526
2025-12-13 19:00:00+05:30,19.15,63.88077
2025-12-13 20:00:00+05:30,18.2,67.79106
2025-12-13 21:00:00+05:30,17.3,71.98112
2025-12-13 22:00:00+05:30,16.3,76.69593
2025-12-13 23:00:00+05:30,15.35,82.84721
2025-12-14 00:00:00+05:30,14.7,85.2571
2025-12-14 01:00:00+05:30,14.05,87.465416
2025-12-14 02:00:00+05:30,13.65,88.590645
2025-12-14 03:00:00+05:30,13.3,89.14866
2025-12-14 04:00:00+05:30,12.95,90.010345
2025-12-14 05:00:00+05:30,11.55,93.26922
2025-12-14 06:00:00+05:30,11.2,93.56329
2025-12-14 07:00:00+05:30,11.2,93.56329
2025-12-14 08:00:00+05:30,13.5,85.69553
2025-12-14 09:00:00+05:30,16.9,71.43462
2025-12-14 10:00:00+05:30,19.75,59.941177
2025-12-14 11:00:00+05:30,21.2,54.27224
2025-12-14 12:00:00+05:30,22.8,47.94135
2025-12-14 13:00:00+05:30,23.7,43.485363
2025-12-14 14:00:00+05:30,24.15,40.79921
2025-12-14 15:00:00+05:30,24.15,40.25652
2025-12-14 16:00:00+05:30,23.35,51.357265
2025-12-14 17:00:00+05:30,21.1,59.67206
2025-12-14 18:00:00+05:30,20.2,60.24541
2025-12-14 19:00:00+05:30,19.35,61.65236
2025-12-14 20:00:00+05:30,18.75,65.49549
2025-12-14 21:00:00+05:30,18.25,68.02449
2025-12-14 22:00:00+05:30,17.9,69.30869
2025-12-14 23:00:00+05:30,17.4,71.292984
2025-12-15 00:00:00+05:30,16.25,74.69349
2025-12-15 01:00:00+05:30,14.8,80.62313
2025-12-15 02:00:00+05:30,13.6,87.71345
2025-12-15 03:00:00+05:30,12.55,93.01205
2025-12-15 04:00:00+05:30,11.95,95.480934
2025-12-15 05:00:00+05:30,11.3,93.5682
2025-12-15 06:00:00+05:30,10.85,95.442535
2025-12-15 07:00:00+05:30,10.5,99.335594
2025-12-15 08:00:00+05:30,11.45,96.740776
2025-12-15 09:00:00+05:30,13.75,87.14974
2025-12-15 10:00:00+05:30,16.1,75.91023
2025-12-15 11:00:00+05:30,19.4,62.894276
2025-12-15 12:00:00+05:30,21.7,50.585514
2025-12-15 13:00:00+05:30,22.85,44.125885
2025-12-15 14:00:00+05:30,23.3,45.596195
2025-12-15 15:00:00+05:30,23.2,47.733192
2025-12-15 16:00:00+05:30,22.4,49.77455
2025-12-15 17:00:00+05:30,19.9,56.51073
2025-12-15 18:00:00+05:30,19.1,59.588684
2025-12-15 19:00:00+05:30,18.15,64.29433
2025-12-15 20:00:00+05:30,17.25,67.82064
2025-12-15 21:00:00+05:30,16.6,68.82221
2025-12-15 22:00:00+05:30,16.15,68.27487
2025-12-15 23:00:00+05:30,15.4,69.97311
2025-12-16 00:00:00+05:30,14.4,72.652
2025-12-16 01:00:00+05:30,13.7,75.51496
2025-12-16 02:00:00+05:30,13.15,79.06123
2025-12-16 03:00:00+05:30,12.8,82.257805
2025-12-16 04:00:00+05:30,12.45,85.30051
2025-12-16 05:00:00+05:30,11.95,88.15147
2025-12-16 06:00:00+05:30,11.75,88.726
2025-12-16 07:00:00+05:30,11.6,89.609055
2025-12-16 08:00:00+05:30,12.95,83.38412
2025-12-16 09:00:00+05:30,15.15,73.03133
2025-12-16 10:00:00+05:30,17.8,61.703114
2025-12-16 11:00:00+05:30,20.0,55.79012
2025-12-16 12:00:00+05:30,21.9,48.49833
2025-12-16 13:00:00+05:30,22.95,44.89708
2025-12-16 14:00:00+05:30,23.3,44.99396
2025-12-16 15:00:00+05:30,23.05,47.534885
2025-12-16 16:00:00+05:30,22.2,52.247124
2025-12-16 17:00:00+05:30,20.5,59.725304
2025-12-16 18:00:00+05:30,19.6,64.190186
2025-12-16 19:00:00+05:30,18.8,66.80966
2025-12-16 20:00:00+05:30,18.1,68.66809
2025-12-16 21:00:00+05:30,17.3,71.27426
2025-12-16 22:00:00+05:30,16.55,74.25369
2025-12-16 23:00:00+05:30,15.5,78.878845
2025-12-17 00:00:00+05:30,14.6,82.755844
2025-12-17 01:00:00+05:30,14.05,84.62681
2025-12-17 02:00:00+05:30,13.5,86.265335
2025-12-17 03:00:00+05:30,13.1,87.0886
2025-12-17 04:00:00+05:30,12.7,88.21684
2025-12-17 05:00:00+05:30,11.6,90.210556
2025-12-17 06:00:00+05:30,11.4,90.49841
2025-12-17 07:00:00+05:30,11.4,89.59355
2025-12-17 08:00:00+05:30,12.85,81.989136
2025-12-17 09:00:00+05:30,15.2,71.114655
2025-12-17 10:00:00+05:30,17.75,61.89769
2025-12-17 11:00:00+05:30,19.85,57.443005
2025-12-17 12:00:00+05:30,21.75,51.444252
2025-12-17 13:00:00+05:30,23.1,46.767345
2025-12-17 14:00:00+05:30,23.75,44.671524
2025-12-17 15:00:00+05:30,23.65,45.844074
2025-12-17 16:00:00+05:30,22.8,49.881344
2025-12-17 17:00:00+05:30,20.55,60.130337
2025-12-17 18:00:00+05:30,19.6,64.190186
2025-12-17 19:00:00+05:30,18.9,65.312706
2025-12-17 20:00:00+05:30,18.05,66.21436
2025-12-17 21:00:00+05:30,17.05,68.68437
2025-12-17 22:00:00+05:30,16.1,71.75956
2025-12-17 23:00:00+05:30,14.85,77.74563
2025-12-18 00:00:00+05:30,14.35,79.49918
2025-12-18 01:00:00+05:30,13.4,84.55479
2025-12-18 02:00:00+05:30,12.75,87.345634
2025-12-18 03:00:00+05:30,12.45,87.90179
2025-12-18 04:00:00+05:30,12.0,89.341415
2025-12-18 05:00:00+05:30,11.9,92.05448
2025-12-18 06:00:00+05:30,11.75,92.66065
2025-12-18 07:00:00+05:30,11.55,93.580444
2025-12-18 08:00:00+05:30,12.9,88.527435
2025-12-18 09:00:00+05:30,15.3,78.072014
2025-12-18 10:00:00+05:30,17.8,68.15736
2025-12-18 11:00:00+05:30,19.3,60.631348
2025-12-18 12:00:00+05:30,21.0,51.932827
2025-12-18 13:00:00+05:30,22.0,47.72386
2025-12-18 14:00:00+05:30,22.5,47.070908
2025-12-18 15:00:00+05:30,22.35,48.620045
2025-12-18 16:00:00+05:30,21.55,52.94562
2025-12-18 17:00:00+05:30,19.25,62.447666
2025-12-18 18:00:00+05:30,18.2,68.913956
2025-12-18 19:00:00+05:30,17.55,72.73905
2025-12-18 20:00:00+05:30,16.95,76.29747
2025-12-18 21:00:00+05:30,16.15,81.06961
2025-12-18 22:00:00+05:30,15.35,85.0472
2025-12-18 23:00:00+05:30,14.75,88.10415
2025-12-19 00:00:00+05:30,13.85,90.670586
2025-12-19 01:00:00+05:30,13.3,92.74604
2025-12-19 02:00:00+05:30,13.0,93.95954
2025-12-19 03:00:00+05:30,12.9,94.2649
2025-12-19 04:00:00+05:30,12.35,95.179924
2025-12-19 05:00:00+05:30,11.65,96.42559
2025-12-19 06:00:00+05:30,11.2,96.73446
2025-12-19 07:00:00+05:30,11.2,97.37995
2025-12-19 08:00:00+05:30,12.1,95.48612
2025-12-19 09:00:00+05:30,13.55,92.152466
2025-12-19 10:00:00+05:30,16.2,78.464165
2025-12-19 11:00:00+05:30,18.0,66.203766
2025-12-19 12:00:00+05:30,19.95,54.675266
2025-12-19 13:00:00+05:30,21.25,47.999348
2025-12-19 14:00:00+05:30,21.9,44.306168
2025-12-19 15:00:00+05:30,21.9,44.455536
2025-12-19 16:00:00+05:30,20.95,50.050163
2025-12-19 17:00:00+05:30,18.45,65.00091
2025-12-19 18:00:00+05:30,17.6,69.70726
2025-12-19 19:00:00+05:30,16.7,74.0354
2025-12-19 20:00:00+05:30,15.75,77.88267
2025-12-19 21:00:00+05:30,14.95,80.37758
2025-12-19 22:00:00+05:30,14.15,82.97502
2025-12-19 23:00:00+05:30,13.45,85.123695
2025-12-20 00:00:00+05:30,12.65,86.4679
2025-12-20 01:00:00+05:30,12.15,87.87503
2025-12-20 02:00:00+05:30,11.55,89.30567
2025-12-20 03:00:00+05:30,11.1,90.477005
2025-12-20 04:00:00+05:30,10.65,91.670364
2025-12-20 05:00:00+05:30,9.7,97.02219
2025-12-20 06:00:00+05:30,9.6,98.00441
2025-12-20 07:00:00+05:30,9.5,99.33032
2025-12-20 08:00:00+05:30,10.65,94.798676
2025-12-20 09:00:00+05:30,13.65,83.46714
2025-12-20 10:00:00+05:30,17.0,68.44709
2025-12-20 11:00:00+05:30,18.7,60.08948
2025-12-20 12:00:00+05:30,20.3,53.504383
2025-12-20 13:00:00+05:30,21.15,50.271137
2025-12-20 14:00:00+05:30,21.75,48.135464
2025-12-20 15:00:00+05:30,21.8,48.149055
2025-12-20 16:00:00+05:30,21.2,50.620678
2025-12-20 17:00:00+05:30,18.05,73.30543
2025-12-20 18:00:00+05:30,17.2,74.609116
2025-12-20 19:00:00+05:30,16.1,79.74674
2025-12-20 20:00:00+05:30,15.05,83.63138
2025-12-20 21:00:00+05:30,14.05,88.0431
2025-12-20 22:00:00+05:30,13.25,91.228615
2025-12-20 23:00:00+05:30,12.45,94.869896
2025-12-21 00:00:00+05:30,12.0,95.79926
2025-12-21 01:00:00+05:30,11.65,96.42559
2025-12-21 02:00:00+05:30,11.3,96.73699
2025-12-21 03:00:00+05:30,11.0,97.37587
2025-12-21 04:00:00+05:30,10.7,98.02153
2025-12-21 05:00:00+05:30,10.75,99.00678
2025-12-21 06:00:00+05:30,10.95,98.352066
2025-12-21 07:00:00+05:30,11.1,97.702324
2025-12-21 08:00:00+05:30,11.45,97.70857
2025-12-21 09:00:00+05:30,12.9,91.20562
2025-12-21 10:00:00+05:30,15.05,81.19076
2025-12-21 11:00:00+05:30,16.2,75.17945
2025-12-21 12:00:00+05:30,18.05,66.873116
2025-12-21 13:00:00+05:30,19.4,60.855465
2025-12-21 14:00:00+05:30,20.15,56.94894
2025-12-21 15:00:00+05:30,20.35,55.878212
2025-12-21 16:00:00+05:30,19.8,58.777004
2025-12-21 17:00:00+05:30,16.6,77.501724
2025-12-21 18:00:00+05:30,15.95,79.98767
2025-12-21 19:00:00+05:30,15.3,84.210625
2025-12-21 20:00:00+05:30,14.75,86.67303
2025-12-21 21:00:00+05:30,14.35,88.35882
2025-12-21 22:00:00+05:30,13.75,90.96203
2025-12-21 23:00:00+05:30,13.25,92.74331
2025-12-22 00:00:00+05:30,12.6,94.87578
2025-12-22 01:00:00+05:30,12.15,96.121254
2025-12-22 02:00:00+05:30,11.7,97.71301
2025-12-22 03:00:00+05:30,11.4,99.669655
2025-12-22 04:00:00+05:30,11.35,99.66952
2025-12-22 05:00:00+05:30,11.75,99.34207
2025-12-22 06:00:00+05:30,11.85,99.670815
2025-12-22 07:00:00+05:30,11.9,98.68948
2025-12-22 08:00:00+05:30,12.1,98.36679
2025-12-22 09:00:00+05:30,13.0,94.26925
2025-12-22 10:00:00+05:30,15.1,83.08949
2025-12-22 11:00:00+05:30,16.05,78.95884
2025-12-22 12:00:00+05:30,18.3,70.763626
2025-12-22 13:00:00+05:30,19.9,62.800648
2025-12-22 14:00:00+05:30,20.95,56.958965
2025-12-22 15:00:00+05:30,21.3,54.83781
2025-12-22 16:00:00+05:30,20.8,60.189194
2025-12-22 17:00:00+05:30,19.05,67.52115
2025-12-22 18:00:00+05:30,17.9,73.279015
2025-12-22 19:00:00+05:30,17.1,77.07335
2025-12-22 20:00:00+05:30,16.4,80.050026
2025-12-22 21:00:00+05:30,15.9,82.37356
2025-12-22 22:00:00+05:30,15.4,84.49798
2025-12-22 23:00:00+05:30,14.6,88.669945
2025-12-23 00:00:00+05:30,13.45,93.67232
2025-12-23 01:00:00+05:30,12.9,95.828156
2025-12-23 02:00:00+05:30,12.65,97.08955
2025-12-23 03:00:00+05:30,12.35,98.04677
2025-12-23 04:00:00+05:30,12.35,98.36995
2025-12-23 05:00:00+05:30,11.7,98.36169
2025-12-23 06:00:00+05:30,11.55,98.0346
2025-12-23 07:00:00+05:30,11.65,97.06697
2025-12-23 08:00:00+05:30,12.6,96.13465
2025-12-23 09:00:00+05:30,14.05,93.39535
2025-12-23 10:00:00+05:30,16.75,78.80226
2025-12-23 11:00:00+05:30,19.0,69.07233
2025-12-23 12:00:00+05:30,20.95,61.415714
2025-12-23 13:00:00+05:30,22.35,56.561466
2025-12-23 14:00:00+05:30,23.05,52.81265
2025-12-23 15:00:00+05:30,22.85,54.33625
2025-12-23 16:00:00+05:30,22.0,59.304054
2025-12-23 17:00:00+05:30,20.5,64.5969
2025-12-23 18:00:00+05:30,19.35,70.731606
2025-12-23 19:00:00+05:30,18.3,76.01795
2025-12-23 20:00:00+05:30,17.35,78.37794
2025-12-23 21:00:00+05:30,16.55,80.070755
2025-12-23 22:00:00+05:30,15.85,82.0983
2025-12-23 23:00:00+05:30,15.15,84.470276
2025-12-24 00:00:00+05:30,14.5,86.64883
2025-12-24 01:00:00+05:30,14.1,87.7583
2025-12-24 02:00:00+05:30,13.7,89.18066
2025-12-24 03:00:00+05:30,13.35,89.74334
2025-12-24 04:00:00+05:30,12.9,90.30508
2025-12-24 05:00:00+05:30,12.45,90.87392
2025-12-24 06:00:00+05:30,11.9,90.23249
2025-12-24 07:00:00+05:30,11.55,89.9056
2025-12-24 08:00:00+05:30,12.6,84.18345
2025-12-24 09:00:00+05:30,14.55,74.90191
2025-12-24 10:00:00+05:30,16.65,66.80159
2025-12-24 11:00:00+05:30,18.9,59.540836
2025-12-24 12:00:00+05:30,20.4,45.249714
2025-12-24 13:00:00+05:30,21.0,41.15498
2025-12-24 14:00:00+05:30,21.1,40.485508
2025-12-24 15:00:00+05:30,20.75,41.507835
2025-12-24 16:00:00+05:30,20.0,43.77316
2025-12-24 17:00:00+05:30,18.6,50.434017
2025-12-24 18:00:00+05:30,17.5,56.85899
2025-12-24 19:00:00+05:30,16.25,64.30292
2025-12-24 20:00:00+05:30,15.45,66.77243
2025-12-24 21:00:00+05:30,14.7,67.9781
2025-12-24 22:00:00+05:30,14.05,68.77018
2025-12-24 23:00:00+05:30,13.0,74.13381
2025-12-25 00:00:00+05:30,12.3,74.51637
2025-12-25 01:00:00+05:30,11.85,75.203995
2025-12-25 02:00:00+05:30,11.3,76.406296
2025-12-25 03:00:00+05:30,10.75,77.37065
2025-12-25 04:00:00+05:30,10.2,78.35435
2025-12-25 05:00:00+05:30,9.75,82.42992
2025-12-25 06:00:00+05:30,9.4,82.38548
2025-12-25 07:00:00+05:30,9.25,80.95949
2025-12-25 08:00:00+05:30,10.65,73.71826
2025-12-25 09:00:00+05:30,13.1,64.47596
2025-12-25 10:00:00+05:30,15.9,53.074226
2025-12-25 11:00:00+05:30,18.5,46.28153
2025-12-25 12:00:00+05:30,19.85,42.548157
2025-12-25 13:00:00+05:30,20.65,39.53318
2025-12-25 14:00:00+05:30,20.95,38.015766
2025-12-25 15:00:00+05:30,20.8,39.035114
2025-12-25 16:00:00+05:30,19.85,44.789417
2025-12-25 17:00:00+05:30,17.85,54.13438
2025-12-25 18:00:00+05:30,17.05,57.325325
2025-12-25 19:00:00+05:30,15.95,64.88786
2025-12-25 20:00:00+05:30,15.2,69.00194
2025-12-25 21:00:00+05:30,14.6,72.68836
2025-12-25 22:00:00+05:30,14.1,75.076706
2025-12-25 23:00:00+05:30,13.15,79.32692
2025-12-26 00:00:00+05:30,12.85,78.75197
2025-12-26 01:00:00+05:30,12.6,78.9807
2025-12-26 02:00:00+05:30,11.85,81.86046
2025-12-26 03:00:00+05:30,11.3,83.186035
2025-12-26 04:00:00+05:30,10.7,84.823975
2025-12-26 05:00:00+05:30,10.4,87.12485
2025-12-26 06:00:00+05:30,10.1,86.50626
2025-12-26 07:00:00+05:30,9.9,86.48634
2025-12-26 08:00:00+05:30,11.25,79.049904
2025-12-26 09:00:00+05:30,13.7,68.23381
2025-12-26 10:00:00+05:30,16.25,57.51541
2025-12-26 11:00:00+05:30,18.3,51.91674
2025-12-26 12:00:00+05:30,19.8,43.269844
2025-12-26 13:00:00+05:30,20.7,39.141106
2025-12-26 14:00:00+05:30,21.05,38.307594
2025-12-26 15:00:00+05:30,20.8,39.98616
2025-12-26 16:00:00+05:30,20.0,44.223984
2025-12-26 17:00:00+05:30,18.6,51.47089
2025-12-26 18:00:00+05:30,17.65,59.439163
2025-12-26 19:00:00+05:30,16.7,65.26976
2025-12-26 20:00:00+05:30,15.95,69.38291
2025-12-26 21:00:00+05:30,15.15,73.03133
2025-12-26 22:00:00+05:30,14.45,76.91187
2025-12-26 23:00:00+05:30,13.9,80.768974
2025-12-27 00:00:00+05:30,12.75,84.76483
2025-12-27 01:00:00+05:30,12.2,86.71288
2025-12-27 02:00:00+05:30,11.8,89.32554
2025-12-27 03:00:00+05:30,11.15,91.70179
2025-12-27 04:00:00+05:30,10.6,94.79667
2025-12-27 05:00:00+05:30,10.1,98.34107
2025-12-27 06:00:00+05:30,9.75,98.33651
2025-12-27 07:00:00+05:30,9.7,97.67708
2025-12-27 08:00:00+05:30,10.65,93.53622
2025-12-27 09:00:00+05:30,12.5,85.87777
2025-12-27 10:00:00+05:30,15.05,73.01337
2025-12-27 11:00:00+05:30,17.3,64.966095
2025-12-27 12:00:00+05:30,19.05,55.736103
2025-12-27 13:00:00+05:30,20.0,52.36582
2025-12-27 14:00:00+05:30,20.45,51.443047
2025-12-27 15:00:00+05:30,20.45,50.251793
2025-12-27 16:00:00+05:30,19.75,53.71969
2025-12-27 17:00:00+05:30,18.15,65.5828
2025-12-27 18:00:00+05:30,17.55,66.76858
2025-12-27 19:00:00+05:30,16.85,71.42527
2025-12-27 20:00:00+05:30,16.25,74.94028
2025-12-27 21:00:00+05:30,15.45,77.3244
2025-12-27 22:00:00+05:30,14.9,79.31459
2025-12-27 23:00:00+05:30,13.8,85.16123
2025-12-28 00:00:00+05:30,12.85,88.22985
2025-12-28 01:00:00+05:30,12.05,91.149445
2025-12-28 02:00:00+05:30,11.45,92.33524
2025-12-28 03:00:00+05:30,10.85,93.85983
2025-12-28 04:00:00+05:30,10.1,95.09586
2025-12-28 05:00:00+05:30,9.6,97.01985
2025-12-28 06:00:00+05:30,9.55,97.34603
2025-12-28 07:00:00+05:30,9.35,98.66303
2025-12-28 08:00:00+05:30,10.1,95.73725
2025-12-28 09:00:00+05:30,11.9,89.33347
2025-12-28 10:00:00+05:30,15.15,74.01154
2025-12-28 11:00:00+05:30,17.65,63.546684
2025-12-28 12:00:00+05:30,19.1,56.310448
2025-12-28 13:00:00+05:30,20.05,51.509357
2025-12-28 14:00:00+05:30,20.5,49.595543
2025-12-28 15:00:00+05:30,20.4,50.407097
2025-12-28 16:00:00+05:30,19.75,54.98959
2025-12-28 17:00:00+05:30,18.0,64.26124
2025-12-28 18:00:00+05:30,17.0,71.21797
2025-12-28 19:00:00+05:30,16.65,73.057396
2025-12-28 20:00:00+05:30,15.8,76.36413
2025-12-28 21:00:00+05:30,14.9,81.43925
2025-12-28 22:00:00+05:30,14.1,85.193275
2025-12-28 23:00:00+05:30,13.3,89.14866
2025-12-29 00:00:00+05:30,13.0,89.4202
2025-12-29 01:00:00+05:30,12.7,90.59035
2025-12-29 02:00:00+05:30,11.4,98.35784
2025-12-29 03:00:00+05:30,11.05,99.00912
2025-12-29 04:00:00+05:30,10.95,98.67973
2025-12-29 05:00:00+05:30,10.55,98.019196
2025-12-29 06:00:00+05:30,10.55,97.36667
2025-12-29 07:00:00+05:30,10.65,94.798676
2025-12-29 08:00:00+05:30,10.9,94.80865
2025-12-29 09:00:00+05:30,11.6,96.10478
2025-12-29 10:00:00+05:30,13.4,85.96986
2025-12-29 11:00:00+05:30,15.3,76.53698
2025-12-29 12:00:00+05:30,17.45,64.78304
2025-12-29 13:00:00+05:30,18.9,53.31925
2025-12-29 14:00:00+05:30,19.75,46.31314
2025-12-29 15:00:00+05:30,19.85,44.484688
2025-12-29 16:00:00+05:30,19.15,49.063286
2025-12-29 17:00:00+05:30,16.75,66.37878
2025-12-29 18:00:00+05:30,15.65,72.878265
2025-12-29 19:00:00+05:30,14.95,78.27816
2025-12-29 20:00:00+05:30,14.35,81.36729
2025-12-29 21:00:00+05:30,13.65,84.302475
2025-12-29 22:00:00+05:30,12.85,87.35492
2025-12-29 23:00:00+05:30,12.0,92.36706
2025-12-30 00:00:00+05:30,11.2,96.41314
2025-12-30 01:00:00+05:30,10.7,98.02153
2025-12-30 02:00:00+05:30,10.55,97.04184
2025-12-30 03:00:00+05:30,10.35,98.67351
2025-12-30 04:00:00+05:30,9.8,98.999344
2025-12-30 05:00:00+05:30,9.8,99.33192
2025-12-30 06:00:00+05:30,9.7,99.33139
2025-12-30 07:00:00+05:30,9.65,98.99817
2025-12-30 08:00:00+05:30,9.95,97.68162
2025-12-30 09:00:00+05:30,10.9,96.72687
2025-12-30 10:00:00+05:30,13.8,80.486885
2025-12-30 11:00:00+05:30,16.65,66.57927
2025-12-30 12:00:00+05:30,18.55,55.796383
2025-12-30 13:00:00+05:30,19.85,47.454987
2025-12-30 14:00:00+05:30,20.4,45.712593
2025-12-30 15:00:00+05:30,20.4,45.249714
2025-12-30 16:00:00+05:30,19.6,51.73663
2025-12-30 17:00:00+05:30,17.85,62.127476
2025-12-30 18:00:00+05:30,16.7,68.614006
2025-12-30 19:00:00+05:30,15.9,71.96117
2025-12-30 20:00:00+05:30,15.3,74.284294
2025-12-30 21:00:00+05:30,14.75,76.194855
2025-12-30 22:00:00+05:30,14.15,77.8977
2025-12-30 23:00:00+05:30,13.4,79.89592
2025-12-31 00:00:00+05:30,12.8,80.07983
2025-12-31 01:00:00+05:30,12.15,82.45245
2025-12-31 02:00:00+05:30,11.15,86.02785
2025-12-31 03:00:00+05:30,10.25,89.80689
2025-12-31 04:00:00+05:30,9.4,95.06928
2025-12-31 05:00:00+05:30,9.1,98.6604
2025-12-31 06:00:00+05:30,9.15,98.66094
2025-12-31 07:00:00+05:30,9.2,97.99814
2025-12-31 08:00:00+05:30,10.35,93.207405
2025-12-31 09:00:00+05:30,11.6,90.81561
2025-12-31 10:00:00+05:30,14.15,76.864395
2025-12-31 11:00:00+05:30,16.2,71.06717
2025-12-31 12:00:00+05:30,17.8,67.93298
2025-12-31 13:00:00+05:30,18.85,64.024956
2025-12-31 14:00:00+05:30,19.4,60.65483
2025-12-31 15:00:00+05:30,19.25,61.021706
2025-12-31 16:00:00+05:30,18.3,65.3988
2025-12-31 17:00:00+05:30,14.7,79.81303
2025-12-31 18:00:00+05:30,13.35,85.67998
2025-12-31 19:00:00+05:30,12.4,89.07616
2025-12-31 20:00:00+05:30,12.05,90.24342
2025-12-31 21:00:00+05:30,11.8,91.43714
2025-12-31 22:00:00+05:30,11.55,93.26922
2025-12-31 23:00:00+05:30,11.4,96.098785
